date,milestone,item_number,repository,item_type,title,story_points,status
2026-09-13,sprint1,19,Adventurer-s-Forge/forge-admin,Issue,US-13: Account Registration,5,In review
2026-09-13,sprint1,20,Adventurer-s-Forge/forge-admin,Issue,US-15: Account Login,3,In review
2026-09-13,sprint1,21,Adventurer-s-Forge/forge-admin,Issue,US-17: User Logout,2,In review
2026-09-13,sprint1,1,Adventurer-s-Forge/forge-frontend,PullRequest,"Firebase auth: registration, login, and sign-out",,In review
2026-09-13,sprint1,7,Adventurer-s-Forge/forge-admin,Issue,US-22: Ingest Reference Content from External Source,5,In progress
2026-09-13,,23,Adventurer-s-Forge/forge-admin,Issue,US-1: Select Spells,,Backlog
2026-09-13,,38,Adventurer-s-Forge/forge-admin,Issue,US-2: Calculate Spell Modifiers,,Backlog
2026-09-13,,37,Adventurer-s-Forge/forge-admin,Issue,US-3: Calculate Ability Modifiers,,Backlog
2026-09-13,,35,Adventurer-s-Forge/forge-admin,Issue,US-4: Calculate Saving Throws and Proficiency Bonus,,Backlog
2026-09-13,,34,Adventurer-s-Forge/forge-admin,Issue,US-5: Calculate Skill Modifiers,,Backlog
2026-09-13,,33,Adventurer-s-Forge/forge-admin,Issue,US-6: Select Skills,,Backlog
2026-09-13,,32,Adventurer-s-Forge/forge-admin,Issue,US-7: Calculate Battle Abilities,,Backlog
2026-09-13,,29,Adventurer-s-Forge/forge-admin,Issue,US-10: Calculate Health,,Backlog
2026-09-13,,31,Adventurer-s-Forge/forge-admin,Issue,US-8: Calculate Attack Bonuses for Equipped Weapons,,Backlog
2026-09-13,,28,Adventurer-s-Forge/forge-admin,Issue,US-11: Calculate New Hit Points Based on Entered Damage/Healing Points,,Backlog
2026-09-13,,26,Adventurer-s-Forge/forge-admin,Issue,US-14: Registration Validation & Security Checks,2,Backlog
2026-09-13,sprint1,73,Adventurer-s-Forge/forge-admin,Issue,US-22 Task: Create Re-runnable Ingestion Script,,In progress
2026-09-13,sprint1,78,Adventurer-s-Forge/forge-admin,Issue,US-22 Task: Documentation,,In progress
2026-09-13,sprint1,76,Adventurer-s-Forge/forge-admin,Issue,US-22 Task: Complete Test Suite & Green CI,,In progress
2026-09-13,sprint1,22,Adventurer-s-Forge/forge-admin,Issue,US-18: Character Creation,5,Backlog
2026-09-13,,25,Adventurer-s-Forge/forge-admin,Issue,US-16: Login Validation & Error Handling,2,Backlog
2026-09-13,,30,Adventurer-s-Forge/forge-admin,Issue,US-9: Automatically Populate Feats,,Backlog
2026-09-13,,27,Adventurer-s-Forge/forge-admin,Issue,US-12: Display Descriptions of Character Attributes,,Backlog
2026-09-13,sprint1,2,Adventurer-s-Forge/forge-admin,Issue,US-34: Allow selection of character’s race,3,Backlog
2026-09-13,sprint1,3,Adventurer-s-Forge/forge-admin,Issue,US-35: Allow selection of character’s class,3,Backlog
2026-09-13,,4,Adventurer-s-Forge/forge-admin,Issue,US-20: Allow selection of character’s equipment,3,Backlog
2026-09-13,,5,Adventurer-s-Forge/forge-admin,Issue,US-19: Character Saving & Persistence,5,Backlog
2026-09-13,,6,Adventurer-s-Forge/forge-admin,Issue,US-21: Allow Duplicating of the Character Sheet,2,Backlog
2026-09-13,,8,Adventurer-s-Forge/forge-admin,Issue,US-23: Display Content Attribution,3,Backlog
2026-09-13,,9,Adventurer-s-Forge/forge-admin,Issue,US-24: Search Reference Content,3,Backlog
2026-09-13,,10,Adventurer-s-Forge/forge-admin,Issue,US-25: Filter Search Result by Content Type,3,Backlog
2026-09-13,,11,Adventurer-s-Forge/forge-admin,Issue,US-26: Without Losing Character Progress,4,Backlog
2026-09-13,,12,Adventurer-s-Forge/forge-admin,Issue,US-27: Share a Character with Another Player,4,Backlog
2026-09-13,,13,Adventurer-s-Forge/forge-admin,Issue,US-28: View Characters Shared With Me,3,Backlog
2026-09-13,,14,Adventurer-s-Forge/forge-admin,Issue,US-29: Restrict Shared Characters to Read-Only,3,Backlog
2026-09-13,,15,Adventurer-s-Forge/forge-admin,Issue,US-30: Keep Characters Private by Default,2,Backlog
2026-09-13,,16,Adventurer-s-Forge/forge-admin,Issue,US-31: Revoke Character Sharing,3,Backlog
2026-09-13,,17,Adventurer-s-Forge/forge-admin,Issue,US-32: Export Character Sheet,2,Backlog
2026-09-13,,18,Adventurer-s-Forge/forge-admin,Issue,US-33: Produce Print-Ready Character Sheet Layout,5,Backlog
2026-09-13,,39,Adventurer-s-Forge/forge-admin,Issue,US-36: Allow Editing of the Character Sheet,2,Backlog
2026-09-13,sprint1,43,Adventurer-s-Forge/forge-admin,Issue,US-18 Task: Implementation,,Backlog
2026-09-13,sprint1,44,Adventurer-s-Forge/forge-admin,Issue,US-18 Task: Unit and System Testing,,Backlog
2026-09-13,sprint1,45,Adventurer-s-Forge/forge-admin,Issue,US-18 Task: Code Review,,Backlog
2026-09-13,sprint1,46,Adventurer-s-Forge/forge-admin,Issue,US-18 Task: Integration,,Backlog
2026-09-13,sprint1,47,Adventurer-s-Forge/forge-admin,Issue,US-18 Task: Deployment,,Backlog
2026-09-13,sprint1,48,Adventurer-s-Forge/forge-admin,Issue,US-18 Task: Documentation,,Backlog
2026-09-13,sprint1,49,Adventurer-s-Forge/forge-admin,Issue,US-15 Task: Implementation,,Backlog
2026-09-13,sprint1,50,Adventurer-s-Forge/forge-admin,Issue,US-15 Task: Unit and System Testing,,Backlog
2026-09-13,sprint1,51,Adventurer-s-Forge/forge-admin,Issue,US-15 Task: Code Review,,Backlog
2026-09-13,sprint1,52,Adventurer-s-Forge/forge-admin,Issue,US-15 Task: Integration,,Backlog
2026-09-13,sprint1,53,Adventurer-s-Forge/forge-admin,Issue,US-15 Task: Deployment,,Backlog
2026-09-13,sprint1,54,Adventurer-s-Forge/forge-admin,Issue,US-17 Task: Implementation,,Backlog
2026-09-13,sprint1,55,Adventurer-s-Forge/forge-admin,Issue,US-17 Task: Unit and System Testing,,Backlog
2026-09-13,sprint1,56,Adventurer-s-Forge/forge-admin,Issue,US-17 Task: Code Review,,Backlog
2026-09-13,sprint1,57,Adventurer-s-Forge/forge-admin,Issue,US-17 Task: Integration,,Backlog
2026-09-13,sprint1,58,Adventurer-s-Forge/forge-admin,Issue,US-17 Task: Deployment,,Backlog
2026-09-13,sprint1,59,Adventurer-s-Forge/forge-admin,Issue,US-17 Task: Documentation,,Backlog
2026-09-13,sprint1,60,Adventurer-s-Forge/forge-admin,Issue,US-15 Task: Documentation,,Backlog
2026-09-13,sprint1,61,Adventurer-s-Forge/forge-admin,Issue,US-34 Task: Implementation,,Backlog
2026-09-13,sprint1,62,Adventurer-s-Forge/forge-admin,Issue,US-34 Task: Unit and System Testing,,Backlog
2026-09-13,sprint1,63,Adventurer-s-Forge/forge-admin,Issue,US-34 Task: Code Review,,Backlog
2026-09-13,sprint1,64,Adventurer-s-Forge/forge-admin,Issue,US-34 Task: Integration,,Backlog
2026-09-13,sprint1,65,Adventurer-s-Forge/forge-admin,Issue,US-34 Task: Deployment,,Backlog
2026-09-13,sprint1,66,Adventurer-s-Forge/forge-admin,Issue,US-34 Task: Documentation,,Backlog
2026-09-13,sprint1,67,Adventurer-s-Forge/forge-admin,Issue,US-35 Task: Implementation,,Backlog
2026-09-13,sprint1,68,Adventurer-s-Forge/forge-admin,Issue,US-35 Task: Unit and System Testing,,Backlog
2026-09-13,sprint1,69,Adventurer-s-Forge/forge-admin,Issue,US-35 Task: Code Review,,Backlog
2026-09-13,sprint1,70,Adventurer-s-Forge/forge-admin,Issue,US-35 Task: Integration,,Backlog
2026-09-13,sprint1,71,Adventurer-s-Forge/forge-admin,Issue,US-35 Task: Deployment,,Backlog
2026-09-13,sprint1,72,Adventurer-s-Forge/forge-admin,Issue,US-35 Task: Documentation,,Backlog
2026-09-13,sprint1,74,Adventurer-s-Forge/forge-admin,Issue,US-22 Task: Verify Data is Retrieved Exclusively from Redis at Runtime,,Backlog
2026-09-13,sprint1,75,Adventurer-s-Forge/forge-admin,Issue,US-22 Task: Code Review,,Backlog
2026-09-13,sprint1,77,Adventurer-s-Forge/forge-admin,Issue,US-22 Task: Deployment,,Backlog
2026-09-13,sprint1,79,Adventurer-s-Forge/forge-admin,Issue,US-13 Task: Implementation,,Backlog
2026-09-13,sprint1,80,Adventurer-s-Forge/forge-admin,Issue,US-13 Task: Unit and System Testing,,Backlog
2026-09-13,sprint1,81,Adventurer-s-Forge/forge-admin,Issue,US-13 Task: Code Review,,Backlog
2026-09-13,sprint1,82,Adventurer-s-Forge/forge-admin,Issue,US-13 Task: Integration,,Backlog
2026-09-13,sprint1,83,Adventurer-s-Forge/forge-admin,Issue,US-13 Task: Deployment,,Backlog
2026-09-13,sprint1,84,Adventurer-s-Forge/forge-admin,Issue,US-13 Task: Documentation,,Backlog
2026-09-14,sprint1,7,Adventurer-s-Forge/forge-admin,Issue,US-22: Ingest Reference Content from External Source,5,In review
2026-09-14,sprint1,19,Adventurer-s-Forge/forge-admin,Issue,US-13: Account Registration,5,Done
2026-09-14,sprint1,79,Adventurer-s-Forge/forge-admin,Issue,US-13 Task: Create a New Account and Ensure that 1 Email Resolves to Exactly 1 Account,,Done
2026-09-14,sprint1,80,Adventurer-s-Forge/forge-admin,Issue,US-13 Task: Unit and System Testing,,Done
2026-09-14,sprint1,81,Adventurer-s-Forge/forge-admin,Issue,US-13 Task: Code Review,,Done
2026-09-14,sprint1,82,Adventurer-s-Forge/forge-admin,Issue,US-13 Task: Integration,,Done
2026-09-14,sprint1,83,Adventurer-s-Forge/forge-admin,Issue,US-13 Task: Deployment,,Done
2026-09-14,sprint1,84,Adventurer-s-Forge/forge-admin,Issue,"US-13 Task: Ensure that Every Failure Path Returns a Specific, Actionable Message",,Done
2026-09-14,sprint1,20,Adventurer-s-Forge/forge-admin,Issue,US-15: Account Login,3,Done
2026-09-14,sprint1,49,Adventurer-s-Forge/forge-admin,Issue,US-15 Task: Ensure that all 3 Sign-In Methods Authenticate from a Clean Browser Session and Survives a Page Refresh,,Done
2026-09-14,sprint1,50,Adventurer-s-Forge/forge-admin,Issue,US-15 Task: Unit and System Testing,,Done
2026-09-14,sprint1,51,Adventurer-s-Forge/forge-admin,Issue,US-15 Task: Code Review,,Done
2026-09-14,sprint1,52,Adventurer-s-Forge/forge-admin,Issue,US-15 Task: Integration,,Done
2026-09-14,sprint1,53,Adventurer-s-Forge/forge-admin,Issue,US-15 Task: Deployment,,Done
2026-09-14,sprint1,60,Adventurer-s-Forge/forge-admin,Issue,US-15 Task: Ensure that Users with Lost Passwords can Regain Access Unaided,,Done
2026-09-14,sprint1,21,Adventurer-s-Forge/forge-admin,Issue,US-17: User Logout,2,Done
2026-09-14,sprint1,54,Adventurer-s-Forge/forge-admin,Issue,US-17 Task: End Session on Sign-out and Return User to the Login Screen,,Done
2026-09-14,sprint1,55,Adventurer-s-Forge/forge-admin,Issue,US-17 Task: Unit and System Testing,,Done
2026-09-14,sprint1,56,Adventurer-s-Forge/forge-admin,Issue,US-17 Task: Code Review,,Done
2026-09-14,sprint1,57,Adventurer-s-Forge/forge-admin,Issue,US-17 Task: Integration,,Done
2026-09-14,sprint1,58,Adventurer-s-Forge/forge-admin,Issue,US-17 Task: Deployment,,Done
2026-09-14,sprint1,59,Adventurer-s-Forge/forge-admin,Issue,US-17 Task: Report Failed Sign-outs to the User while Leaving the App Usable,,Done
2026-09-14,sprint1,1,Adventurer-s-Forge/forge-frontend,PullRequest,"Firebase auth: registration, login, and sign-out",,Done
2026-09-14,,23,Adventurer-s-Forge/forge-admin,Issue,US-1: Select Spells,,Backlog
2026-09-14,,38,Adventurer-s-Forge/forge-admin,Issue,US-2: Calculate Spell Modifiers,,Backlog
2026-09-14,,37,Adventurer-s-Forge/forge-admin,Issue,US-3: Calculate Ability Modifiers,,Backlog
2026-09-14,,35,Adventurer-s-Forge/forge-admin,Issue,US-4: Calculate Saving Throws and Proficiency Bonus,,Backlog
2026-09-14,,34,Adventurer-s-Forge/forge-admin,Issue,US-5: Calculate Skill Modifiers,,Backlog
2026-09-14,,33,Adventurer-s-Forge/forge-admin,Issue,US-6: Select Skills,,Backlog
2026-09-14,,32,Adventurer-s-Forge/forge-admin,Issue,US-7: Calculate Battle Abilities,,Backlog
2026-09-14,,29,Adventurer-s-Forge/forge-admin,Issue,US-10: Calculate Health,,Backlog
2026-09-14,,31,Adventurer-s-Forge/forge-admin,Issue,US-8: Calculate Attack Bonuses for Equipped Weapons,,Backlog
2026-09-14,,28,Adventurer-s-Forge/forge-admin,Issue,US-11: Calculate New Hit Points Based on Entered Damage/Healing Points,,Backlog
2026-09-14,,26,Adventurer-s-Forge/forge-admin,Issue,US-14: Registration Validation & Security Checks,2,Backlog
2026-09-14,sprint1,73,Adventurer-s-Forge/forge-admin,Issue,US-22 Task: Create Re-runnable Ingestion Script,,Done
2026-09-14,sprint1,76,Adventurer-s-Forge/forge-admin,Issue,US-22 Task: Complete Test Suite & Green CI,,In progress
2026-09-14,sprint1,75,Adventurer-s-Forge/forge-admin,Issue,US-22 Task: Code Review,,In progress
2026-09-14,sprint1,77,Adventurer-s-Forge/forge-admin,Issue,US-22 Task: Deployment,,In progress
2026-09-14,sprint1,22,Adventurer-s-Forge/forge-admin,Issue,US-18: Character Creation,5,Backlog
2026-09-14,,25,Adventurer-s-Forge/forge-admin,Issue,US-16: Login Validation & Error Handling,2,Backlog
2026-09-14,,30,Adventurer-s-Forge/forge-admin,Issue,US-9: Automatically Populate Feats,,Backlog
2026-09-14,,27,Adventurer-s-Forge/forge-admin,Issue,US-12: Display Descriptions of Character Attributes,,Backlog
2026-09-14,sprint1,2,Adventurer-s-Forge/forge-admin,Issue,US-34: Allow selection of character’s race,3,Backlog
2026-09-14,sprint1,3,Adventurer-s-Forge/forge-admin,Issue,US-35: Allow selection of character’s class,3,Backlog
2026-09-14,,4,Adventurer-s-Forge/forge-admin,Issue,US-20: Allow selection of character’s equipment,3,Backlog
2026-09-14,,5,Adventurer-s-Forge/forge-admin,Issue,US-19: Character Saving & Persistence,5,Backlog
2026-09-14,,6,Adventurer-s-Forge/forge-admin,Issue,US-21: Allow Duplicating of the Character Sheet,2,Backlog
2026-09-14,,8,Adventurer-s-Forge/forge-admin,Issue,US-23: Display Content Attribution,3,Backlog
2026-09-14,,9,Adventurer-s-Forge/forge-admin,Issue,US-24: Search Reference Content,3,Backlog
2026-09-14,,10,Adventurer-s-Forge/forge-admin,Issue,US-25: Filter Search Result by Content Type,3,Backlog
2026-09-14,,11,Adventurer-s-Forge/forge-admin,Issue,US-26: Without Losing Character Progress,4,Backlog
2026-09-14,,12,Adventurer-s-Forge/forge-admin,Issue,US-27: Share a Character with Another Player,4,Backlog
2026-09-14,,13,Adventurer-s-Forge/forge-admin,Issue,US-28: View Characters Shared With Me,3,Backlog
2026-09-14,,14,Adventurer-s-Forge/forge-admin,Issue,US-29: Restrict Shared Characters to Read-Only,3,Backlog
2026-09-14,,15,Adventurer-s-Forge/forge-admin,Issue,US-30: Keep Characters Private by Default,2,Backlog
2026-09-14,,16,Adventurer-s-Forge/forge-admin,Issue,US-31: Revoke Character Sharing,3,Backlog
2026-09-14,,17,Adventurer-s-Forge/forge-admin,Issue,US-32: Export Character Sheet,2,Backlog
2026-09-14,,18,Adventurer-s-Forge/forge-admin,Issue,US-33: Produce Print-Ready Character Sheet Layout,5,Backlog
2026-09-14,,39,Adventurer-s-Forge/forge-admin,Issue,US-36: Allow Editing of the Character Sheet,2,Backlog
2026-09-14,sprint1,43,Adventurer-s-Forge/forge-admin,Issue,US-18 Task: Create New Character Object in Database and link to User's ID,,Backlog
2026-09-14,sprint1,44,Adventurer-s-Forge/forge-admin,Issue,US-18 Task: Unit and System Testing,,Backlog
2026-09-14,sprint1,45,Adventurer-s-Forge/forge-admin,Issue,US-18 Task: Code Review,,Backlog
2026-09-14,sprint1,46,Adventurer-s-Forge/forge-admin,Issue,US-18 Task: Integration,,Backlog
2026-09-14,sprint1,47,Adventurer-s-Forge/forge-admin,Issue,US-18 Task: Deployment,,Backlog
2026-09-14,sprint1,48,Adventurer-s-Forge/forge-admin,Issue,US-18 Task: Load User into Character Editor with Blank Character Sheet,,Backlog
2026-09-14,sprint1,61,Adventurer-s-Forge/forge-admin,Issue,US-34 Task: Implementation,,Backlog
2026-09-14,sprint1,62,Adventurer-s-Forge/forge-admin,Issue,US-34 Task: Unit and System Testing,,Backlog
2026-09-14,sprint1,63,Adventurer-s-Forge/forge-admin,Issue,US-34 Task: Code Review,,Backlog
2026-09-14,sprint1,64,Adventurer-s-Forge/forge-admin,Issue,US-34 Task: Integration,,Backlog
2026-09-14,sprint1,65,Adventurer-s-Forge/forge-admin,Issue,US-34 Task: Deployment,,Backlog
2026-09-14,sprint1,66,Adventurer-s-Forge/forge-admin,Issue,US-34 Task: Documentation,,Backlog
2026-09-14,sprint1,67,Adventurer-s-Forge/forge-admin,Issue,US-35 Task: Implementation,,Backlog
2026-09-14,sprint1,68,Adventurer-s-Forge/forge-admin,Issue,US-35 Task: Unit and System Testing,,Backlog
2026-09-14,sprint1,69,Adventurer-s-Forge/forge-admin,Issue,US-35 Task: Code Review,,Backlog
2026-09-14,sprint1,70,Adventurer-s-Forge/forge-admin,Issue,US-35 Task: Integration,,Backlog
2026-09-14,sprint1,71,Adventurer-s-Forge/forge-admin,Issue,US-35 Task: Deployment,,Backlog
2026-09-14,sprint1,72,Adventurer-s-Forge/forge-admin,Issue,US-35 Task: Documentation,,Backlog
2026-09-14,sprint1,74,Adventurer-s-Forge/forge-admin,Issue,US-22 Task: Verify Data is Retrieved Exclusively from Redis at Runtime,,Done
2026-09-14,sprint1,78,Adventurer-s-Forge/forge-admin,Issue,US-22 Task: Documentation,,Done
2026-09-15,sprint1,7,Adventurer-s-Forge/forge-admin,Issue,US-22: Ingest Reference Content from External Source,5,In review
2026-09-15,sprint1,19,Adventurer-s-Forge/forge-admin,Issue,US-13: Account Registration,5,Done
2026-09-15,sprint1,79,Adventurer-s-Forge/forge-admin,Issue,US-13 Task: Create a New Account and Ensure that 1 Email Resolves to Exactly 1 Account,,Done
2026-09-15,sprint1,80,Adventurer-s-Forge/forge-admin,Issue,US-13 Task: Unit and System Testing,,Done
2026-09-15,sprint1,81,Adventurer-s-Forge/forge-admin,Issue,US-13 Task: Code Review,,Done
2026-09-15,sprint1,82,Adventurer-s-Forge/forge-admin,Issue,US-13 Task: Integration,,Done
2026-09-15,sprint1,83,Adventurer-s-Forge/forge-admin,Issue,US-13 Task: Deployment,,Done
2026-09-15,sprint1,84,Adventurer-s-Forge/forge-admin,Issue,"US-13 Task: Ensure that Every Failure Path Returns a Specific, Actionable Message",,Done
2026-09-15,sprint1,20,Adventurer-s-Forge/forge-admin,Issue,US-15: Account Login,3,Done
2026-09-15,sprint1,49,Adventurer-s-Forge/forge-admin,Issue,US-15 Task: Ensure that all 3 Sign-In Methods Authenticate from a Clean Browser Session and Survives a Page Refresh,,Done
2026-09-15,sprint1,50,Adventurer-s-Forge/forge-admin,Issue,US-15 Task: Unit and System Testing,,Done
2026-09-15,sprint1,51,Adventurer-s-Forge/forge-admin,Issue,US-15 Task: Code Review,,Done
2026-09-15,sprint1,52,Adventurer-s-Forge/forge-admin,Issue,US-15 Task: Integration,,Done
2026-09-15,sprint1,53,Adventurer-s-Forge/forge-admin,Issue,US-15 Task: Deployment,,Done
2026-09-15,sprint1,60,Adventurer-s-Forge/forge-admin,Issue,US-15 Task: Ensure that Users with Lost Passwords can Regain Access Unaided,,Done
2026-09-15,sprint1,21,Adventurer-s-Forge/forge-admin,Issue,US-17: User Logout,2,Done
2026-09-15,sprint1,54,Adventurer-s-Forge/forge-admin,Issue,US-17 Task: End Session on Sign-out and Return User to the Login Screen,,Done
2026-09-15,sprint1,55,Adventurer-s-Forge/forge-admin,Issue,US-17 Task: Unit and System Testing,,Done
2026-09-15,sprint1,56,Adventurer-s-Forge/forge-admin,Issue,US-17 Task: Code Review,,Done
2026-09-15,sprint1,57,Adventurer-s-Forge/forge-admin,Issue,US-17 Task: Integration,,Done
2026-09-15,sprint1,58,Adventurer-s-Forge/forge-admin,Issue,US-17 Task: Deployment,,Done
2026-09-15,sprint1,59,Adventurer-s-Forge/forge-admin,Issue,US-17 Task: Report Failed Sign-outs to the User while Leaving the App Usable,,Done
2026-09-15,sprint1,1,Adventurer-s-Forge/forge-frontend,PullRequest,"Firebase auth: registration, login, and sign-out",,Done
2026-09-15,,23,Adventurer-s-Forge/forge-admin,Issue,US-1: Select Spells,,Backlog
2026-09-15,,38,Adventurer-s-Forge/forge-admin,Issue,US-2: Calculate Spell Modifiers,,Backlog
2026-09-15,,37,Adventurer-s-Forge/forge-admin,Issue,US-3: Calculate Ability Modifiers,,Backlog
2026-09-15,,35,Adventurer-s-Forge/forge-admin,Issue,US-4: Calculate Saving Throws and Proficiency Bonus,,Backlog
2026-09-15,,34,Adventurer-s-Forge/forge-admin,Issue,US-5: Calculate Skill Modifiers,,Backlog
2026-09-15,,33,Adventurer-s-Forge/forge-admin,Issue,US-6: Select Skills,,Backlog
2026-09-15,,32,Adventurer-s-Forge/forge-admin,Issue,US-7: Calculate Battle Abilities,,Backlog
2026-09-15,,29,Adventurer-s-Forge/forge-admin,Issue,US-10: Calculate Health,,Backlog
2026-09-15,,31,Adventurer-s-Forge/forge-admin,Issue,US-8: Calculate Attack Bonuses for Equipped Weapons,,Backlog
2026-09-15,,28,Adventurer-s-Forge/forge-admin,Issue,US-11: Calculate New Hit Points Based on Entered Damage/Healing Points,,Backlog
2026-09-15,,26,Adventurer-s-Forge/forge-admin,Issue,US-14: Registration Validation & Security Checks,2,Backlog
2026-09-15,sprint1,73,Adventurer-s-Forge/forge-admin,Issue,US-22 Task: Create Re-runnable Ingestion Script,,Done
2026-09-15,sprint1,76,Adventurer-s-Forge/forge-admin,Issue,US-22 Task: Complete Test Suite & Green CI,,In progress
2026-09-15,sprint1,75,Adventurer-s-Forge/forge-admin,Issue,US-22 Task: Code Review,,In progress
2026-09-15,sprint1,77,Adventurer-s-Forge/forge-admin,Issue,US-22 Task: Deployment,,In progress
2026-09-15,sprint1,22,Adventurer-s-Forge/forge-admin,Issue,US-18: Character Creation,5,Backlog
2026-09-15,,25,Adventurer-s-Forge/forge-admin,Issue,US-16: Login Validation & Error Handling,2,Backlog
2026-09-15,,30,Adventurer-s-Forge/forge-admin,Issue,US-9: Automatically Populate Feats,,Backlog
2026-09-15,,27,Adventurer-s-Forge/forge-admin,Issue,US-12: Display Descriptions of Character Attributes,,Backlog
2026-09-15,sprint1,2,Adventurer-s-Forge/forge-admin,Issue,US-34: Allow selection of character’s race,3,Backlog
2026-09-15,sprint1,3,Adventurer-s-Forge/forge-admin,Issue,US-35: Allow selection of character’s class,3,Backlog
2026-09-15,,4,Adventurer-s-Forge/forge-admin,Issue,US-20: Allow selection of character’s equipment,3,Backlog
2026-09-15,,5,Adventurer-s-Forge/forge-admin,Issue,US-19: Character Saving & Persistence,5,Backlog
2026-09-15,,6,Adventurer-s-Forge/forge-admin,Issue,US-21: Allow Duplicating of the Character Sheet,2,Backlog
2026-09-15,,8,Adventurer-s-Forge/forge-admin,Issue,US-23: Display Content Attribution,3,Backlog
2026-09-15,,9,Adventurer-s-Forge/forge-admin,Issue,US-24: Search Reference Content,3,Backlog
2026-09-15,,10,Adventurer-s-Forge/forge-admin,Issue,US-25: Filter Search Result by Content Type,3,Backlog
2026-09-15,,11,Adventurer-s-Forge/forge-admin,Issue,US-26: Without Losing Character Progress,4,Backlog
2026-09-15,,12,Adventurer-s-Forge/forge-admin,Issue,US-27: Share a Character with Another Player,4,Backlog
2026-09-15,,13,Adventurer-s-Forge/forge-admin,Issue,US-28: View Characters Shared With Me,3,Backlog
2026-09-15,,14,Adventurer-s-Forge/forge-admin,Issue,US-29: Restrict Shared Characters to Read-Only,3,Backlog
2026-09-15,,15,Adventurer-s-Forge/forge-admin,Issue,US-30: Keep Characters Private by Default,2,Backlog
2026-09-15,,16,Adventurer-s-Forge/forge-admin,Issue,US-31: Revoke Character Sharing,3,Backlog
2026-09-15,,17,Adventurer-s-Forge/forge-admin,Issue,US-32: Export Character Sheet,2,Backlog
2026-09-15,,18,Adventurer-s-Forge/forge-admin,Issue,US-33: Produce Print-Ready Character Sheet Layout,5,Backlog
2026-09-15,,39,Adventurer-s-Forge/forge-admin,Issue,US-36: Allow Editing of the Character Sheet,2,Backlog
2026-09-15,sprint1,43,Adventurer-s-Forge/forge-admin,Issue,US-18 Task: Create New Character Object in Database and link to User's ID,,Backlog
2026-09-15,sprint1,44,Adventurer-s-Forge/forge-admin,Issue,US-18 Task: Unit and System Testing,,Backlog
2026-09-15,sprint1,45,Adventurer-s-Forge/forge-admin,Issue,US-18 Task: Code Review,,Backlog
2026-09-15,sprint1,46,Adventurer-s-Forge/forge-admin,Issue,US-18 Task: Integration,,Backlog
2026-09-15,sprint1,47,Adventurer-s-Forge/forge-admin,Issue,US-18 Task: Deployment,,Backlog
2026-09-15,sprint1,48,Adventurer-s-Forge/forge-admin,Issue,US-18 Task: Load User into Character Editor with Blank Character Sheet,,Backlog
2026-09-15,sprint1,61,Adventurer-s-Forge/forge-admin,Issue,US-34 Task: Implementation,,Backlog
2026-09-15,sprint1,62,Adventurer-s-Forge/forge-admin,Issue,US-34 Task: Unit and System Testing,,Backlog
2026-09-15,sprint1,63,Adventurer-s-Forge/forge-admin,Issue,US-34 Task: Code Review,,Backlog
2026-09-15,sprint1,64,Adventurer-s-Forge/forge-admin,Issue,US-34 Task: Integration,,Backlog
2026-09-15,sprint1,65,Adventurer-s-Forge/forge-admin,Issue,US-34 Task: Deployment,,Backlog
2026-09-15,sprint1,66,Adventurer-s-Forge/forge-admin,Issue,US-34 Task: Documentation,,Backlog
2026-09-15,sprint1,67,Adventurer-s-Forge/forge-admin,Issue,US-35 Task: Implementation,,Backlog
2026-09-15,sprint1,68,Adventurer-s-Forge/forge-admin,Issue,US-35 Task: Unit and System Testing,,Backlog
2026-09-15,sprint1,69,Adventurer-s-Forge/forge-admin,Issue,US-35 Task: Code Review,,Backlog
2026-09-15,sprint1,70,Adventurer-s-Forge/forge-admin,Issue,US-35 Task: Integration,,Backlog
2026-09-15,sprint1,71,Adventurer-s-Forge/forge-admin,Issue,US-35 Task: Deployment,,Backlog
2026-09-15,sprint1,72,Adventurer-s-Forge/forge-admin,Issue,US-35 Task: Documentation,,Backlog
2026-09-15,sprint1,74,Adventurer-s-Forge/forge-admin,Issue,US-22 Task: Verify Data is Retrieved Exclusively from Redis at Runtime,,Done
2026-09-15,sprint1,78,Adventurer-s-Forge/forge-admin,Issue,US-22 Task: Documentation,,Done
2026-09-16,sprint1,7,Adventurer-s-Forge/forge-admin,Issue,US-22: Ingest Reference Content from External Source,5,In review
2026-09-16,sprint1,19,Adventurer-s-Forge/forge-admin,Issue,US-13: Account Registration,5,Done
2026-09-16,sprint1,79,Adventurer-s-Forge/forge-admin,Issue,US-13 Task: Create a New Account and Ensure that 1 Email Resolves to Exactly 1 Account,,Done
2026-09-16,sprint1,80,Adventurer-s-Forge/forge-admin,Issue,US-13 Task: Unit and System Testing,,Done
2026-09-16,sprint1,81,Adventurer-s-Forge/forge-admin,Issue,US-13 Task: Code Review,,Done
2026-09-16,sprint1,82,Adventurer-s-Forge/forge-admin,Issue,US-13 Task: Integration,,Done
2026-09-16,sprint1,83,Adventurer-s-Forge/forge-admin,Issue,US-13 Task: Deployment,,Done
2026-09-16,sprint1,84,Adventurer-s-Forge/forge-admin,Issue,"US-13 Task: Ensure that Every Failure Path Returns a Specific, Actionable Message",,Done
2026-09-16,sprint1,20,Adventurer-s-Forge/forge-admin,Issue,US-15: Account Login,3,Done
2026-09-16,sprint1,49,Adventurer-s-Forge/forge-admin,Issue,US-15 Task: Ensure that all 3 Sign-In Methods Authenticate from a Clean Browser Session and Survives a Page Refresh,,Done
2026-09-16,sprint1,50,Adventurer-s-Forge/forge-admin,Issue,US-15 Task: Unit and System Testing,,Done
2026-09-16,sprint1,51,Adventurer-s-Forge/forge-admin,Issue,US-15 Task: Code Review,,Done
2026-09-16,sprint1,52,Adventurer-s-Forge/forge-admin,Issue,US-15 Task: Integration,,Done
2026-09-16,sprint1,53,Adventurer-s-Forge/forge-admin,Issue,US-15 Task: Deployment,,Done
2026-09-16,sprint1,60,Adventurer-s-Forge/forge-admin,Issue,US-15 Task: Ensure that Users with Lost Passwords can Regain Access Unaided,,Done
2026-09-16,sprint1,21,Adventurer-s-Forge/forge-admin,Issue,US-17: User Logout,2,Done
2026-09-16,sprint1,54,Adventurer-s-Forge/forge-admin,Issue,US-17 Task: End Session on Sign-out and Return User to the Login Screen,,Done
2026-09-16,sprint1,55,Adventurer-s-Forge/forge-admin,Issue,US-17 Task: Unit and System Testing,,Done
2026-09-16,sprint1,56,Adventurer-s-Forge/forge-admin,Issue,US-17 Task: Code Review,,Done
2026-09-16,sprint1,57,Adventurer-s-Forge/forge-admin,Issue,US-17 Task: Integration,,Done
2026-09-16,sprint1,58,Adventurer-s-Forge/forge-admin,Issue,US-17 Task: Deployment,,Done
2026-09-16,sprint1,59,Adventurer-s-Forge/forge-admin,Issue,US-17 Task: Report Failed Sign-outs to the User while Leaving the App Usable,,Done
2026-09-16,sprint1,1,Adventurer-s-Forge/forge-frontend,PullRequest,"Firebase auth: registration, login, and sign-out",,Done
2026-09-16,,23,Adventurer-s-Forge/forge-admin,Issue,US-1: Select Spells,,Backlog
2026-09-16,,38,Adventurer-s-Forge/forge-admin,Issue,US-2: Calculate Spell Modifiers,,Backlog
2026-09-16,,37,Adventurer-s-Forge/forge-admin,Issue,US-3: Calculate Ability Modifiers,,Backlog
2026-09-16,,35,Adventurer-s-Forge/forge-admin,Issue,US-4: Calculate Saving Throws and Proficiency Bonus,,Backlog
2026-09-16,,34,Adventurer-s-Forge/forge-admin,Issue,US-5: Calculate Skill Modifiers,,Backlog
2026-09-16,,33,Adventurer-s-Forge/forge-admin,Issue,US-6: Select Skills,,Backlog
2026-09-16,,32,Adventurer-s-Forge/forge-admin,Issue,US-7: Calculate Battle Abilities,,Backlog
2026-09-16,,29,Adventurer-s-Forge/forge-admin,Issue,US-10: Calculate Health,,Backlog
2026-09-16,,31,Adventurer-s-Forge/forge-admin,Issue,US-8: Calculate Attack Bonuses for Equipped Weapons,,Backlog
2026-09-16,,28,Adventurer-s-Forge/forge-admin,Issue,US-11: Calculate New Hit Points Based on Entered Damage/Healing Points,,Backlog
2026-09-16,,26,Adventurer-s-Forge/forge-admin,Issue,US-14: Registration Validation & Security Checks,2,Backlog
2026-09-16,sprint1,73,Adventurer-s-Forge/forge-admin,Issue,US-22 Task: Create Re-runnable Ingestion Script,,Done
2026-09-16,sprint1,76,Adventurer-s-Forge/forge-admin,Issue,US-22 Task: Complete Test Suite & Green CI,,In progress
2026-09-16,sprint1,75,Adventurer-s-Forge/forge-admin,Issue,US-22 Task: Code Review,,In progress
2026-09-16,sprint1,77,Adventurer-s-Forge/forge-admin,Issue,US-22 Task: Deployment,,In progress
2026-09-16,sprint1,22,Adventurer-s-Forge/forge-admin,Issue,US-18: Character Creation,5,Backlog
2026-09-16,,25,Adventurer-s-Forge/forge-admin,Issue,US-16: Login Validation & Error Handling,2,Backlog
2026-09-16,,30,Adventurer-s-Forge/forge-admin,Issue,US-9: Automatically Populate Feats,,Backlog
2026-09-16,,27,Adventurer-s-Forge/forge-admin,Issue,US-12: Display Descriptions of Character Attributes,,Backlog
2026-09-16,sprint1,2,Adventurer-s-Forge/forge-admin,Issue,US-34: Allow selection of character’s race,3,Backlog
2026-09-16,sprint1,3,Adventurer-s-Forge/forge-admin,Issue,US-35: Allow selection of character’s class,3,Backlog
2026-09-16,,4,Adventurer-s-Forge/forge-admin,Issue,US-20: Allow selection of character’s equipment,3,Backlog
2026-09-16,,5,Adventurer-s-Forge/forge-admin,Issue,US-19: Character Saving & Persistence,5,Backlog
2026-09-16,,6,Adventurer-s-Forge/forge-admin,Issue,US-21: Allow Duplicating of the Character Sheet,2,Backlog
2026-09-16,,8,Adventurer-s-Forge/forge-admin,Issue,US-23: Display Content Attribution,3,Backlog
2026-09-16,,9,Adventurer-s-Forge/forge-admin,Issue,US-24: Search Reference Content,3,Backlog
2026-09-16,,10,Adventurer-s-Forge/forge-admin,Issue,US-25: Filter Search Result by Content Type,3,Backlog
2026-09-16,,11,Adventurer-s-Forge/forge-admin,Issue,US-26: Without Losing Character Progress,4,Backlog
2026-09-16,,12,Adventurer-s-Forge/forge-admin,Issue,US-27: Share a Character with Another Player,4,Backlog
2026-09-16,,13,Adventurer-s-Forge/forge-admin,Issue,US-28: View Characters Shared With Me,3,Backlog
2026-09-16,,14,Adventurer-s-Forge/forge-admin,Issue,US-29: Restrict Shared Characters to Read-Only,3,Backlog
2026-09-16,,15,Adventurer-s-Forge/forge-admin,Issue,US-30: Keep Characters Private by Default,2,Backlog
2026-09-16,,16,Adventurer-s-Forge/forge-admin,Issue,US-31: Revoke Character Sharing,3,Backlog
2026-09-16,,17,Adventurer-s-Forge/forge-admin,Issue,US-32: Export Character Sheet,2,Backlog
2026-09-16,,18,Adventurer-s-Forge/forge-admin,Issue,US-33: Produce Print-Ready Character Sheet Layout,5,Backlog
2026-09-16,,39,Adventurer-s-Forge/forge-admin,Issue,US-36: Allow Editing of the Character Sheet,2,Backlog
2026-09-16,sprint1,43,Adventurer-s-Forge/forge-admin,Issue,US-18 Task: Create New Character Object in Database and link to User's ID,,Backlog
2026-09-16,sprint1,44,Adventurer-s-Forge/forge-admin,Issue,US-18 Task: Unit and System Testing,,Backlog
2026-09-16,sprint1,45,Adventurer-s-Forge/forge-admin,Issue,US-18 Task: Code Review,,Backlog
2026-09-16,sprint1,46,Adventurer-s-Forge/forge-admin,Issue,US-18 Task: Integration,,Backlog
2026-09-16,sprint1,47,Adventurer-s-Forge/forge-admin,Issue,US-18 Task: Deployment,,Backlog
2026-09-16,sprint1,48,Adventurer-s-Forge/forge-admin,Issue,US-18 Task: Load User into Character Editor with Blank Character Sheet,,Backlog
2026-09-16,sprint1,61,Adventurer-s-Forge/forge-admin,Issue,US-34 Task: Implementation,,Backlog
2026-09-16,sprint1,62,Adventurer-s-Forge/forge-admin,Issue,US-34 Task: Unit and System Testing,,Backlog
2026-09-16,sprint1,63,Adventurer-s-Forge/forge-admin,Issue,US-34 Task: Code Review,,Backlog
2026-09-16,sprint1,64,Adventurer-s-Forge/forge-admin,Issue,US-34 Task: Integration,,Backlog
2026-09-16,sprint1,65,Adventurer-s-Forge/forge-admin,Issue,US-34 Task: Deployment,,Backlog
2026-09-16,sprint1,66,Adventurer-s-Forge/forge-admin,Issue,US-34 Task: Documentation,,Backlog
2026-09-16,sprint1,67,Adventurer-s-Forge/forge-admin,Issue,US-35 Task: Implementation,,Backlog
2026-09-16,sprint1,68,Adventurer-s-Forge/forge-admin,Issue,US-35 Task: Unit and System Testing,,Backlog
2026-09-16,sprint1,69,Adventurer-s-Forge/forge-admin,Issue,US-35 Task: Code Review,,Backlog
2026-09-16,sprint1,70,Adventurer-s-Forge/forge-admin,Issue,US-35 Task: Integration,,Backlog
2026-09-16,sprint1,71,Adventurer-s-Forge/forge-admin,Issue,US-35 Task: Deployment,,Backlog
2026-09-16,sprint1,72,Adventurer-s-Forge/forge-admin,Issue,US-35 Task: Documentation,,Backlog
2026-09-16,sprint1,74,Adventurer-s-Forge/forge-admin,Issue,US-22 Task: Verify Data is Retrieved Exclusively from Redis at Runtime,,Done
2026-09-16,sprint1,78,Adventurer-s-Forge/forge-admin,Issue,US-22 Task: Documentation,,Done
2026-09-17,sprint1,22,Adventurer-s-Forge/forge-admin,Issue,US-18: Character Creation,5,Ready
2026-09-17,sprint1,3,Adventurer-s-Forge/forge-admin,Issue,US-35: Allow selection of character’s class,3,Ready
2026-09-17,sprint1,2,Adventurer-s-Forge/forge-admin,Issue,US-34: Allow selection of character’s race,3,Ready
2026-09-17,sprint1,7,Adventurer-s-Forge/forge-admin,Issue,US-22: Ingest Reference Content from External Source,5,In review
2026-09-17,sprint1,19,Adventurer-s-Forge/forge-admin,Issue,US-13: Account Registration,5,Done
2026-09-17,sprint1,79,Adventurer-s-Forge/forge-admin,Issue,US-13 Task: Create a New Account and Ensure that 1 Email Resolves to Exactly 1 Account,,Done
2026-09-17,sprint1,80,Adventurer-s-Forge/forge-admin,Issue,US-13 Task: Unit and System Testing,,Done
2026-09-17,sprint1,81,Adventurer-s-Forge/forge-admin,Issue,US-13 Task: Code Review,,Done
2026-09-17,sprint1,82,Adventurer-s-Forge/forge-admin,Issue,US-13 Task: Integration,,Done
2026-09-17,sprint1,83,Adventurer-s-Forge/forge-admin,Issue,US-13 Task: Deployment,,Done
2026-09-17,sprint1,84,Adventurer-s-Forge/forge-admin,Issue,"US-13 Task: Ensure that Every Failure Path Returns a Specific, Actionable Message",,Done
2026-09-17,sprint1,20,Adventurer-s-Forge/forge-admin,Issue,US-15: Account Login,3,Done
2026-09-17,sprint1,49,Adventurer-s-Forge/forge-admin,Issue,US-15 Task: Ensure that all 3 Sign-In Methods Authenticate from a Clean Browser Session and Survives a Page Refresh,,Done
2026-09-17,sprint1,50,Adventurer-s-Forge/forge-admin,Issue,US-15 Task: Unit and System Testing,,Done
2026-09-17,sprint1,51,Adventurer-s-Forge/forge-admin,Issue,US-15 Task: Code Review,,Done
2026-09-17,sprint1,52,Adventurer-s-Forge/forge-admin,Issue,US-15 Task: Integration,,Done
2026-09-17,sprint1,53,Adventurer-s-Forge/forge-admin,Issue,US-15 Task: Deployment,,Done
2026-09-17,sprint1,60,Adventurer-s-Forge/forge-admin,Issue,US-15 Task: Ensure that Users with Lost Passwords can Regain Access Unaided,,Done
2026-09-17,sprint1,21,Adventurer-s-Forge/forge-admin,Issue,US-17: User Logout,2,Done
2026-09-17,sprint1,54,Adventurer-s-Forge/forge-admin,Issue,US-17 Task: End Session on Sign-out and Return User to the Login Screen,,Done
2026-09-17,sprint1,55,Adventurer-s-Forge/forge-admin,Issue,US-17 Task: Unit and System Testing,,Done
2026-09-17,sprint1,56,Adventurer-s-Forge/forge-admin,Issue,US-17 Task: Code Review,,Done
2026-09-17,sprint1,57,Adventurer-s-Forge/forge-admin,Issue,US-17 Task: Integration,,Done
2026-09-17,sprint1,58,Adventurer-s-Forge/forge-admin,Issue,US-17 Task: Deployment,,Done
2026-09-17,sprint1,59,Adventurer-s-Forge/forge-admin,Issue,US-17 Task: Report Failed Sign-outs to the User while Leaving the App Usable,,Done
2026-09-17,sprint1,1,Adventurer-s-Forge/forge-frontend,PullRequest,"Firebase auth: registration, login, and sign-out",,Done
2026-09-17,,23,Adventurer-s-Forge/forge-admin,Issue,US-1: Select Spells,,Backlog
2026-09-17,,38,Adventurer-s-Forge/forge-admin,Issue,US-2: Calculate Spell Modifiers,,Backlog
2026-09-17,,37,Adventurer-s-Forge/forge-admin,Issue,US-3: Calculate Ability Modifiers,,Backlog
2026-09-17,,35,Adventurer-s-Forge/forge-admin,Issue,US-4: Calculate Saving Throws and Proficiency Bonus,,Backlog
2026-09-17,,34,Adventurer-s-Forge/forge-admin,Issue,US-5: Calculate Skill Modifiers,,Backlog
2026-09-17,,33,Adventurer-s-Forge/forge-admin,Issue,US-6: Select Skills,,Backlog
2026-09-17,,32,Adventurer-s-Forge/forge-admin,Issue,US-7: Calculate Battle Abilities,,Backlog
2026-09-17,,29,Adventurer-s-Forge/forge-admin,Issue,US-10: Calculate Health,,Backlog
2026-09-17,,31,Adventurer-s-Forge/forge-admin,Issue,US-8: Calculate Attack Bonuses for Equipped Weapons,,Backlog
2026-09-17,,28,Adventurer-s-Forge/forge-admin,Issue,US-11: Calculate New Hit Points Based on Entered Damage/Healing Points,,Backlog
2026-09-17,,26,Adventurer-s-Forge/forge-admin,Issue,US-14: Registration Validation & Security Checks,2,Backlog
2026-09-17,sprint1,73,Adventurer-s-Forge/forge-admin,Issue,US-22 Task: Create Re-runnable Ingestion Script,,Done
2026-09-17,sprint1,76,Adventurer-s-Forge/forge-admin,Issue,US-22 Task: Complete Test Suite & Green CI,,In progress
2026-09-17,sprint1,75,Adventurer-s-Forge/forge-admin,Issue,US-22 Task: Code Review,,In progress
2026-09-17,sprint1,77,Adventurer-s-Forge/forge-admin,Issue,US-22 Task: Deployment,,In progress
2026-09-17,,25,Adventurer-s-Forge/forge-admin,Issue,US-16: Login Validation & Error Handling,2,Backlog
2026-09-17,,30,Adventurer-s-Forge/forge-admin,Issue,US-9: Automatically Populate Feats,,Backlog
2026-09-17,,27,Adventurer-s-Forge/forge-admin,Issue,US-12: Display Descriptions of Character Attributes,,Backlog
2026-09-17,,4,Adventurer-s-Forge/forge-admin,Issue,US-20: Allow selection of character’s equipment,3,Backlog
2026-09-17,,5,Adventurer-s-Forge/forge-admin,Issue,US-19: Character Saving & Persistence,5,Backlog
2026-09-17,,6,Adventurer-s-Forge/forge-admin,Issue,US-21: Allow Duplicating of the Character Sheet,2,Backlog
2026-09-17,,8,Adventurer-s-Forge/forge-admin,Issue,US-23: Display Content Attribution,3,Backlog
2026-09-17,,9,Adventurer-s-Forge/forge-admin,Issue,US-24: Search Reference Content,3,Backlog
2026-09-17,,10,Adventurer-s-Forge/forge-admin,Issue,US-25: Filter Search Result by Content Type,3,Backlog
2026-09-17,,11,Adventurer-s-Forge/forge-admin,Issue,US-26: Without Losing Character Progress,4,Backlog
2026-09-17,,12,Adventurer-s-Forge/forge-admin,Issue,US-27: Share a Character with Another Player,4,Backlog
2026-09-17,,13,Adventurer-s-Forge/forge-admin,Issue,US-28: View Characters Shared With Me,3,Backlog
2026-09-17,,14,Adventurer-s-Forge/forge-admin,Issue,US-29: Restrict Shared Characters to Read-Only,3,Backlog
2026-09-17,,15,Adventurer-s-Forge/forge-admin,Issue,US-30: Keep Characters Private by Default,2,Backlog
2026-09-17,,16,Adventurer-s-Forge/forge-admin,Issue,US-31: Revoke Character Sharing,3,Backlog
2026-09-17,,17,Adventurer-s-Forge/forge-admin,Issue,US-32: Export Character Sheet,2,Backlog
2026-09-17,,18,Adventurer-s-Forge/forge-admin,Issue,US-33: Produce Print-Ready Character Sheet Layout,5,Backlog
2026-09-17,,39,Adventurer-s-Forge/forge-admin,Issue,US-36: Allow Editing of the Character Sheet,2,Backlog
2026-09-17,sprint1,43,Adventurer-s-Forge/forge-admin,Issue,US-18 Task: Create New Character Object in Database and link to User's ID,,Backlog
2026-09-17,sprint1,44,Adventurer-s-Forge/forge-admin,Issue,US-18 Task: Unit and System Testing,,Backlog
2026-09-17,sprint1,45,Adventurer-s-Forge/forge-admin,Issue,US-18 Task: Code Review,,Backlog
2026-09-17,sprint1,46,Adventurer-s-Forge/forge-admin,Issue,US-18 Task: Integration,,Backlog
2026-09-17,sprint1,47,Adventurer-s-Forge/forge-admin,Issue,US-18 Task: Deployment,,Backlog
2026-09-17,sprint1,48,Adventurer-s-Forge/forge-admin,Issue,US-18 Task: Load User into Character Editor with Blank Character Sheet,,Backlog
2026-09-17,sprint1,61,Adventurer-s-Forge/forge-admin,Issue,US-34 Task: Implementation,,Backlog
2026-09-17,sprint1,62,Adventurer-s-Forge/forge-admin,Issue,US-34 Task: Unit and System Testing,,Backlog
2026-09-17,sprint1,63,Adventurer-s-Forge/forge-admin,Issue,US-34 Task: Code Review,,Backlog
2026-09-17,sprint1,64,Adventurer-s-Forge/forge-admin,Issue,US-34 Task: Integration,,Backlog
2026-09-17,sprint1,65,Adventurer-s-Forge/forge-admin,Issue,US-34 Task: Deployment,,Backlog
2026-09-17,sprint1,66,Adventurer-s-Forge/forge-admin,Issue,US-34 Task: Documentation,,Backlog
2026-09-17,sprint1,67,Adventurer-s-Forge/forge-admin,Issue,US-35 Task: Implementation,,Backlog
2026-09-17,sprint1,68,Adventurer-s-Forge/forge-admin,Issue,US-35 Task: Unit and System Testing,,Backlog
2026-09-17,sprint1,69,Adventurer-s-Forge/forge-admin,Issue,US-35 Task: Code Review,,Backlog
2026-09-17,sprint1,70,Adventurer-s-Forge/forge-admin,Issue,US-35 Task: Integration,,Backlog
2026-09-17,sprint1,71,Adventurer-s-Forge/forge-admin,Issue,US-35 Task: Deployment,,Backlog
2026-09-17,sprint1,72,Adventurer-s-Forge/forge-admin,Issue,US-35 Task: Documentation,,Backlog
2026-09-17,sprint1,74,Adventurer-s-Forge/forge-admin,Issue,US-22 Task: Verify Data is Retrieved Exclusively from Redis at Runtime,,Done
2026-09-17,sprint1,78,Adventurer-s-Forge/forge-admin,Issue,US-22 Task: Documentation,,Done
2026-09-18,sprint1,22,Adventurer-s-Forge/forge-admin,Issue,US-18: Character Creation,5,Ready
2026-09-18,sprint1,3,Adventurer-s-Forge/forge-admin,Issue,US-35: Allow selection of character’s class,3,Ready
2026-09-18,sprint1,2,Adventurer-s-Forge/forge-admin,Issue,US-34: Allow selection of character’s race,3,Ready
2026-09-18,sprint1,7,Adventurer-s-Forge/forge-admin,Issue,US-22: Ingest Reference Content from External Source,5,In review
2026-09-18,sprint1,19,Adventurer-s-Forge/forge-admin,Issue,US-13: Account Registration,5,Done
2026-09-18,sprint1,79,Adventurer-s-Forge/forge-admin,Issue,US-13 Task: Create a New Account and Ensure that 1 Email Resolves to Exactly 1 Account,,Done
2026-09-18,sprint1,80,Adventurer-s-Forge/forge-admin,Issue,US-13 Task: Unit and System Testing,,Done
2026-09-18,sprint1,81,Adventurer-s-Forge/forge-admin,Issue,US-13 Task: Code Review,,Done
2026-09-18,sprint1,82,Adventurer-s-Forge/forge-admin,Issue,US-13 Task: Integration,,Done
2026-09-18,sprint1,83,Adventurer-s-Forge/forge-admin,Issue,US-13 Task: Deployment,,Done
2026-09-18,sprint1,84,Adventurer-s-Forge/forge-admin,Issue,"US-13 Task: Ensure that Every Failure Path Returns a Specific, Actionable Message",,Done
2026-09-18,sprint1,20,Adventurer-s-Forge/forge-admin,Issue,US-15: Account Login,3,Done
2026-09-18,sprint1,49,Adventurer-s-Forge/forge-admin,Issue,US-15 Task: Ensure that all 3 Sign-In Methods Authenticate from a Clean Browser Session and Survives a Page Refresh,,Done
2026-09-18,sprint1,50,Adventurer-s-Forge/forge-admin,Issue,US-15 Task: Unit and System Testing,,Done
2026-09-18,sprint1,51,Adventurer-s-Forge/forge-admin,Issue,US-15 Task: Code Review,,Done
2026-09-18,sprint1,52,Adventurer-s-Forge/forge-admin,Issue,US-15 Task: Integration,,Done
2026-09-18,sprint1,53,Adventurer-s-Forge/forge-admin,Issue,US-15 Task: Deployment,,Done
2026-09-18,sprint1,60,Adventurer-s-Forge/forge-admin,Issue,US-15 Task: Ensure that Users with Lost Passwords can Regain Access Unaided,,Done
2026-09-18,sprint1,21,Adventurer-s-Forge/forge-admin,Issue,US-17: User Logout,2,Done
2026-09-18,sprint1,54,Adventurer-s-Forge/forge-admin,Issue,US-17 Task: End Session on Sign-out and Return User to the Login Screen,,Done
2026-09-18,sprint1,55,Adventurer-s-Forge/forge-admin,Issue,US-17 Task: Unit and System Testing,,Done
2026-09-18,sprint1,56,Adventurer-s-Forge/forge-admin,Issue,US-17 Task: Code Review,,Done
2026-09-18,sprint1,57,Adventurer-s-Forge/forge-admin,Issue,US-17 Task: Integration,,Done
2026-09-18,sprint1,58,Adventurer-s-Forge/forge-admin,Issue,US-17 Task: Deployment,,Done
2026-09-18,sprint1,59,Adventurer-s-Forge/forge-admin,Issue,US-17 Task: Report Failed Sign-outs to the User while Leaving the App Usable,,Done
2026-09-18,sprint1,1,Adventurer-s-Forge/forge-frontend,PullRequest,"Firebase auth: registration, login, and sign-out",,Done
2026-09-18,,23,Adventurer-s-Forge/forge-admin,Issue,US-1: Select Spells,,Backlog
2026-09-18,,38,Adventurer-s-Forge/forge-admin,Issue,US-2: Calculate Spell Modifiers,,Backlog
2026-09-18,,37,Adventurer-s-Forge/forge-admin,Issue,US-3: Calculate Ability Modifiers,,Backlog
2026-09-18,,35,Adventurer-s-Forge/forge-admin,Issue,US-4: Calculate Saving Throws and Proficiency Bonus,,Backlog
2026-09-18,,34,Adventurer-s-Forge/forge-admin,Issue,US-5: Calculate Skill Modifiers,,Backlog
2026-09-18,,33,Adventurer-s-Forge/forge-admin,Issue,US-6: Select Skills,,Backlog
2026-09-18,,32,Adventurer-s-Forge/forge-admin,Issue,US-7: Calculate Battle Abilities,,Backlog
2026-09-18,,29,Adventurer-s-Forge/forge-admin,Issue,US-10: Calculate Health,,Backlog
2026-09-18,,31,Adventurer-s-Forge/forge-admin,Issue,US-8: Calculate Attack Bonuses for Equipped Weapons,,Backlog
2026-09-18,,28,Adventurer-s-Forge/forge-admin,Issue,US-11: Calculate New Hit Points Based on Entered Damage/Healing Points,,Backlog
2026-09-18,,26,Adventurer-s-Forge/forge-admin,Issue,US-14: Registration Validation & Security Checks,2,Backlog
2026-09-18,sprint1,73,Adventurer-s-Forge/forge-admin,Issue,US-22 Task: Create Re-runnable Ingestion Script,,Done
2026-09-18,sprint1,76,Adventurer-s-Forge/forge-admin,Issue,US-22 Task: Complete Test Suite & Green CI,,In progress
2026-09-18,sprint1,75,Adventurer-s-Forge/forge-admin,Issue,US-22 Task: Code Review,,In progress
2026-09-18,sprint1,77,Adventurer-s-Forge/forge-admin,Issue,US-22 Task: Deployment,,In progress
2026-09-18,,25,Adventurer-s-Forge/forge-admin,Issue,US-16: Login Validation & Error Handling,2,Backlog
2026-09-18,,30,Adventurer-s-Forge/forge-admin,Issue,US-9: Automatically Populate Feats,,Backlog
2026-09-18,,27,Adventurer-s-Forge/forge-admin,Issue,US-12: Display Descriptions of Character Attributes,,Backlog
2026-09-18,,4,Adventurer-s-Forge/forge-admin,Issue,US-20: Allow selection of character’s equipment,3,Backlog
2026-09-18,,5,Adventurer-s-Forge/forge-admin,Issue,US-19: Character Saving & Persistence,5,Backlog
2026-09-18,,6,Adventurer-s-Forge/forge-admin,Issue,US-21: Allow Duplicating of the Character Sheet,2,Backlog
2026-09-18,,8,Adventurer-s-Forge/forge-admin,Issue,US-23: Display Content Attribution,3,Backlog
2026-09-18,,9,Adventurer-s-Forge/forge-admin,Issue,US-24: Search Reference Content,3,Backlog
2026-09-18,,10,Adventurer-s-Forge/forge-admin,Issue,US-25: Filter Search Result by Content Type,3,Backlog
2026-09-18,,11,Adventurer-s-Forge/forge-admin,Issue,US-26: Without Losing Character Progress,4,Backlog
2026-09-18,,12,Adventurer-s-Forge/forge-admin,Issue,US-27: Share a Character with Another Player,4,Backlog
2026-09-18,,13,Adventurer-s-Forge/forge-admin,Issue,US-28: View Characters Shared With Me,3,Backlog
2026-09-18,,14,Adventurer-s-Forge/forge-admin,Issue,US-29: Restrict Shared Characters to Read-Only,3,Backlog
2026-09-18,,15,Adventurer-s-Forge/forge-admin,Issue,US-30: Keep Characters Private by Default,2,Backlog
2026-09-18,,16,Adventurer-s-Forge/forge-admin,Issue,US-31: Revoke Character Sharing,3,Backlog
2026-09-18,,17,Adventurer-s-Forge/forge-admin,Issue,US-32: Export Character Sheet,2,Backlog
2026-09-18,,18,Adventurer-s-Forge/forge-admin,Issue,US-33: Produce Print-Ready Character Sheet Layout,5,Backlog
2026-09-18,,39,Adventurer-s-Forge/forge-admin,Issue,US-36: Allow Editing of the Character Sheet,2,Backlog
2026-09-18,sprint1,43,Adventurer-s-Forge/forge-admin,Issue,US-18 Task: Create New Character Object in Database and link to User's ID,,Backlog
2026-09-18,sprint1,44,Adventurer-s-Forge/forge-admin,Issue,US-18 Task: Unit and System Testing,,Backlog
2026-09-18,sprint1,45,Adventurer-s-Forge/forge-admin,Issue,US-18 Task: Code Review,,Backlog
2026-09-18,sprint1,46,Adventurer-s-Forge/forge-admin,Issue,US-18 Task: Integration,,Backlog
2026-09-18,sprint1,47,Adventurer-s-Forge/forge-admin,Issue,US-18 Task: Deployment,,Backlog
2026-09-18,sprint1,48,Adventurer-s-Forge/forge-admin,Issue,US-18 Task: Load User into Character Editor with Blank Character Sheet,,Backlog
2026-09-18,sprint1,61,Adventurer-s-Forge/forge-admin,Issue,US-34 Task: Implementation,,Backlog
2026-09-18,sprint1,62,Adventurer-s-Forge/forge-admin,Issue,US-34 Task: Unit and System Testing,,Backlog
2026-09-18,sprint1,63,Adventurer-s-Forge/forge-admin,Issue,US-34 Task: Code Review,,Backlog
2026-09-18,sprint1,64,Adventurer-s-Forge/forge-admin,Issue,US-34 Task: Integration,,Backlog
2026-09-18,sprint1,65,Adventurer-s-Forge/forge-admin,Issue,US-34 Task: Deployment,,Backlog
2026-09-18,sprint1,66,Adventurer-s-Forge/forge-admin,Issue,US-34 Task: Documentation,,Backlog
2026-09-18,sprint1,67,Adventurer-s-Forge/forge-admin,Issue,US-35 Task: Implementation,,Backlog
2026-09-18,sprint1,68,Adventurer-s-Forge/forge-admin,Issue,US-35 Task: Unit and System Testing,,Backlog
2026-09-18,sprint1,69,Adventurer-s-Forge/forge-admin,Issue,US-35 Task: Code Review,,Backlog
2026-09-18,sprint1,70,Adventurer-s-Forge/forge-admin,Issue,US-35 Task: Integration,,Backlog
2026-09-18,sprint1,71,Adventurer-s-Forge/forge-admin,Issue,US-35 Task: Deployment,,Backlog
2026-09-18,sprint1,72,Adventurer-s-Forge/forge-admin,Issue,US-35 Task: Documentation,,Backlog
2026-09-18,sprint1,74,Adventurer-s-Forge/forge-admin,Issue,US-22 Task: Verify Data is Retrieved Exclusively from Redis at Runtime,,Done
2026-09-18,sprint1,78,Adventurer-s-Forge/forge-admin,Issue,US-22 Task: Documentation,,Done
2026-09-19,sprint1,22,Adventurer-s-Forge/forge-admin,Issue,US-18: Character Creation,5,In progress
2026-09-19,sprint1,2,Adventurer-s-Forge/forge-admin,Issue,US-34: Allow selection of character’s race,3,In progress
2026-09-19,sprint1,3,Adventurer-s-Forge/forge-admin,Issue,US-35: Allow selection of character’s class,3,In progress
2026-09-19,sprint1,7,Adventurer-s-Forge/forge-admin,Issue,US-22: Ingest Reference Content from External Source,5,In review
2026-09-19,sprint1,19,Adventurer-s-Forge/forge-admin,Issue,US-13: Account Registration,5,Done
2026-09-19,sprint1,79,Adventurer-s-Forge/forge-admin,Issue,US-13 Task: Create a New Account and Ensure that 1 Email Resolves to Exactly 1 Account,,Done
2026-09-19,sprint1,80,Adventurer-s-Forge/forge-admin,Issue,US-13 Task: Unit and System Testing,,Done
2026-09-19,sprint1,81,Adventurer-s-Forge/forge-admin,Issue,US-13 Task: Code Review,,Done
2026-09-19,sprint1,82,Adventurer-s-Forge/forge-admin,Issue,US-13 Task: Integration,,Done
2026-09-19,sprint1,83,Adventurer-s-Forge/forge-admin,Issue,US-13 Task: Deployment,,Done
2026-09-19,sprint1,84,Adventurer-s-Forge/forge-admin,Issue,"US-13 Task: Ensure that Every Failure Path Returns a Specific, Actionable Message",,Done
2026-09-19,sprint1,20,Adventurer-s-Forge/forge-admin,Issue,US-15: Account Login,3,Done
2026-09-19,sprint1,49,Adventurer-s-Forge/forge-admin,Issue,US-15 Task: Ensure that all 3 Sign-In Methods Authenticate from a Clean Browser Session and Survives a Page Refresh,,Done
2026-09-19,sprint1,50,Adventurer-s-Forge/forge-admin,Issue,US-15 Task: Unit and System Testing,,Done
2026-09-19,sprint1,51,Adventurer-s-Forge/forge-admin,Issue,US-15 Task: Code Review,,Done
2026-09-19,sprint1,52,Adventurer-s-Forge/forge-admin,Issue,US-15 Task: Integration,,Done
2026-09-19,sprint1,53,Adventurer-s-Forge/forge-admin,Issue,US-15 Task: Deployment,,Done
2026-09-19,sprint1,60,Adventurer-s-Forge/forge-admin,Issue,US-15 Task: Ensure that Users with Lost Passwords can Regain Access Unaided,,Done
2026-09-19,sprint1,21,Adventurer-s-Forge/forge-admin,Issue,US-17: User Logout,2,Done
2026-09-19,sprint1,54,Adventurer-s-Forge/forge-admin,Issue,US-17 Task: End Session on Sign-out and Return User to the Login Screen,,Done
2026-09-19,sprint1,55,Adventurer-s-Forge/forge-admin,Issue,US-17 Task: Unit and System Testing,,Done
2026-09-19,sprint1,56,Adventurer-s-Forge/forge-admin,Issue,US-17 Task: Code Review,,Done
2026-09-19,sprint1,57,Adventurer-s-Forge/forge-admin,Issue,US-17 Task: Integration,,Done
2026-09-19,sprint1,58,Adventurer-s-Forge/forge-admin,Issue,US-17 Task: Deployment,,Done
2026-09-19,sprint1,59,Adventurer-s-Forge/forge-admin,Issue,US-17 Task: Report Failed Sign-outs to the User while Leaving the App Usable,,Done
2026-09-19,sprint1,1,Adventurer-s-Forge/forge-frontend,PullRequest,"Firebase auth: registration, login, and sign-out",,Done
2026-09-19,,23,Adventurer-s-Forge/forge-admin,Issue,US-1: Select Spells,,Backlog
2026-09-19,,38,Adventurer-s-Forge/forge-admin,Issue,US-2: Calculate Spell Modifiers,,Backlog
2026-09-19,,37,Adventurer-s-Forge/forge-admin,Issue,US-3: Calculate Ability Modifiers,,Backlog
2026-09-19,,35,Adventurer-s-Forge/forge-admin,Issue,US-4: Calculate Saving Throws and Proficiency Bonus,,Backlog
2026-09-19,,34,Adventurer-s-Forge/forge-admin,Issue,US-5: Calculate Skill Modifiers,,Backlog
2026-09-19,,33,Adventurer-s-Forge/forge-admin,Issue,US-6: Select Skills,,Backlog
2026-09-19,,32,Adventurer-s-Forge/forge-admin,Issue,US-7: Calculate Battle Abilities,,Backlog
2026-09-19,,29,Adventurer-s-Forge/forge-admin,Issue,US-10: Calculate Health,,Backlog
2026-09-19,,31,Adventurer-s-Forge/forge-admin,Issue,US-8: Calculate Attack Bonuses for Equipped Weapons,,Backlog
2026-09-19,,28,Adventurer-s-Forge/forge-admin,Issue,US-11: Calculate New Hit Points Based on Entered Damage/Healing Points,,Backlog
2026-09-19,,26,Adventurer-s-Forge/forge-admin,Issue,US-14: Registration Validation & Security Checks,2,Backlog
2026-09-19,sprint1,73,Adventurer-s-Forge/forge-admin,Issue,US-22 Task: Create Re-runnable Ingestion Script,,Done
2026-09-19,sprint1,76,Adventurer-s-Forge/forge-admin,Issue,US-22 Task: Complete Test Suite & Green CI,,In progress
2026-09-19,sprint1,75,Adventurer-s-Forge/forge-admin,Issue,US-22 Task: Code Review,,In progress
2026-09-19,sprint1,77,Adventurer-s-Forge/forge-admin,Issue,US-22 Task: Deployment,,In progress
2026-09-19,,25,Adventurer-s-Forge/forge-admin,Issue,US-16: Login Validation & Error Handling,2,Backlog
2026-09-19,,30,Adventurer-s-Forge/forge-admin,Issue,US-9: Automatically Populate Feats,,Backlog
2026-09-19,,27,Adventurer-s-Forge/forge-admin,Issue,US-12: Display Descriptions of Character Attributes,,Backlog
2026-09-19,,4,Adventurer-s-Forge/forge-admin,Issue,US-20: Allow selection of character’s equipment,3,Backlog
2026-09-19,,5,Adventurer-s-Forge/forge-admin,Issue,US-19: Character Saving & Persistence,5,Backlog
2026-09-19,,6,Adventurer-s-Forge/forge-admin,Issue,US-21: Allow Duplicating of the Character Sheet,2,Backlog
2026-09-19,,8,Adventurer-s-Forge/forge-admin,Issue,US-23: Display Content Attribution,3,Backlog
2026-09-19,,9,Adventurer-s-Forge/forge-admin,Issue,US-24: Search Reference Content,3,Backlog
2026-09-19,,10,Adventurer-s-Forge/forge-admin,Issue,US-25: Filter Search Result by Content Type,3,Backlog
2026-09-19,,11,Adventurer-s-Forge/forge-admin,Issue,US-26: Without Losing Character Progress,4,Backlog
2026-09-19,,12,Adventurer-s-Forge/forge-admin,Issue,US-27: Share a Character with Another Player,4,Backlog
2026-09-19,,13,Adventurer-s-Forge/forge-admin,Issue,US-28: View Characters Shared With Me,3,Backlog
2026-09-19,,14,Adventurer-s-Forge/forge-admin,Issue,US-29: Restrict Shared Characters to Read-Only,3,Backlog
2026-09-19,,15,Adventurer-s-Forge/forge-admin,Issue,US-30: Keep Characters Private by Default,2,Backlog
2026-09-19,,16,Adventurer-s-Forge/forge-admin,Issue,US-31: Revoke Character Sharing,3,Backlog
2026-09-19,,17,Adventurer-s-Forge/forge-admin,Issue,US-32: Export Character Sheet,2,Backlog
2026-09-19,,18,Adventurer-s-Forge/forge-admin,Issue,US-33: Produce Print-Ready Character Sheet Layout,5,Backlog
2026-09-19,,39,Adventurer-s-Forge/forge-admin,Issue,US-36: Allow Editing of the Character Sheet,2,Backlog
2026-09-19,sprint1,43,Adventurer-s-Forge/forge-admin,Issue,US-18 Task: Create New Character Object in Database and link to User's ID,,Backlog
2026-09-19,sprint1,44,Adventurer-s-Forge/forge-admin,Issue,US-18 Task: Unit and System Testing,,Backlog
2026-09-19,sprint1,45,Adventurer-s-Forge/forge-admin,Issue,US-18 Task: Code Review,,Backlog
2026-09-19,sprint1,46,Adventurer-s-Forge/forge-admin,Issue,US-18 Task: Integration,,Backlog
2026-09-19,sprint1,47,Adventurer-s-Forge/forge-admin,Issue,US-18 Task: Deployment,,Backlog
2026-09-19,sprint1,48,Adventurer-s-Forge/forge-admin,Issue,US-18 Task: Load User into Character Editor with Blank Character Sheet,,Backlog
2026-09-19,sprint1,61,Adventurer-s-Forge/forge-admin,Issue,US-34 Task: Implementation,,Backlog
2026-09-19,sprint1,62,Adventurer-s-Forge/forge-admin,Issue,US-34 Task: Unit and System Testing,,Backlog
2026-09-19,sprint1,63,Adventurer-s-Forge/forge-admin,Issue,US-34 Task: Code Review,,Backlog
2026-09-19,sprint1,64,Adventurer-s-Forge/forge-admin,Issue,US-34 Task: Integration,,Backlog
2026-09-19,sprint1,65,Adventurer-s-Forge/forge-admin,Issue,US-34 Task: Deployment,,Backlog
2026-09-19,sprint1,66,Adventurer-s-Forge/forge-admin,Issue,US-34 Task: Documentation,,Backlog
2026-09-19,sprint1,67,Adventurer-s-Forge/forge-admin,Issue,US-35 Task: Implementation,,Backlog
2026-09-19,sprint1,68,Adventurer-s-Forge/forge-admin,Issue,US-35 Task: Unit and System Testing,,Backlog
2026-09-19,sprint1,69,Adventurer-s-Forge/forge-admin,Issue,US-35 Task: Code Review,,Backlog
2026-09-19,sprint1,70,Adventurer-s-Forge/forge-admin,Issue,US-35 Task: Integration,,Backlog
2026-09-19,sprint1,71,Adventurer-s-Forge/forge-admin,Issue,US-35 Task: Deployment,,Backlog
2026-09-19,sprint1,72,Adventurer-s-Forge/forge-admin,Issue,US-35 Task: Documentation,,Backlog
2026-09-19,sprint1,74,Adventurer-s-Forge/forge-admin,Issue,US-22 Task: Verify Data is Retrieved Exclusively from Redis at Runtime,,Done
2026-09-19,sprint1,78,Adventurer-s-Forge/forge-admin,Issue,US-22 Task: Documentation,,Done
2026-09-20,sprint1,66,Adventurer-s-Forge/forge-admin,Issue,US-34 Task: Documentation,,Ready
2026-09-20,sprint1,65,Adventurer-s-Forge/forge-admin,Issue,US-34 Task: Deployment,,Ready
2026-09-20,sprint1,64,Adventurer-s-Forge/forge-admin,Issue,US-34 Task: Integration,,Ready
2026-09-20,sprint1,69,Adventurer-s-Forge/forge-admin,Issue,US-35 Task: Code Review,,Ready
2026-09-20,sprint1,70,Adventurer-s-Forge/forge-admin,Issue,US-35 Task: Integration,,Ready
2026-09-20,sprint1,71,Adventurer-s-Forge/forge-admin,Issue,US-35 Task: Deployment,,Ready
2026-09-20,sprint1,72,Adventurer-s-Forge/forge-admin,Issue,US-35 Task: Documentation,,Ready
2026-09-20,sprint1,68,Adventurer-s-Forge/forge-admin,Issue,US-35 Task: Unit and System Testing,,Ready
2026-09-20,sprint1,67,Adventurer-s-Forge/forge-admin,Issue,US-35 Task: Implementation,,Ready
2026-09-20,sprint1,22,Adventurer-s-Forge/forge-admin,Issue,US-18: Character Creation,5,In progress
2026-09-20,sprint1,3,Adventurer-s-Forge/forge-admin,Issue,US-35: Allow selection of character’s class,3,In progress
2026-09-20,sprint1,19,Adventurer-s-Forge/forge-admin,Issue,US-13: Account Registration,5,Done
2026-09-20,sprint1,7,Adventurer-s-Forge/forge-admin,Issue,US-22: Ingest Reference Content from External Source,5,Done
2026-09-20,sprint1,79,Adventurer-s-Forge/forge-admin,Issue,US-13 Task: Create a New Account and Ensure that 1 Email Resolves to Exactly 1 Account,,Done
2026-09-20,sprint1,80,Adventurer-s-Forge/forge-admin,Issue,US-13 Task: Unit and System Testing,,Done
2026-09-20,sprint1,75,Adventurer-s-Forge/forge-admin,Issue,US-22 Task: Code Review,,Done
2026-09-20,sprint1,76,Adventurer-s-Forge/forge-admin,Issue,US-22 Task: Complete Test Suite & Green CI,,Done
2026-09-20,sprint1,81,Adventurer-s-Forge/forge-admin,Issue,US-13 Task: Code Review,,Done
2026-09-20,sprint1,77,Adventurer-s-Forge/forge-admin,Issue,US-22 Task: Deployment,,Done
2026-09-20,sprint1,82,Adventurer-s-Forge/forge-admin,Issue,US-13 Task: Integration,,Done
2026-09-20,sprint1,83,Adventurer-s-Forge/forge-admin,Issue,US-13 Task: Deployment,,Done
2026-09-20,sprint1,84,Adventurer-s-Forge/forge-admin,Issue,"US-13 Task: Ensure that Every Failure Path Returns a Specific, Actionable Message",,Done
2026-09-20,sprint1,20,Adventurer-s-Forge/forge-admin,Issue,US-15: Account Login,3,Done
2026-09-20,sprint1,49,Adventurer-s-Forge/forge-admin,Issue,US-15 Task: Ensure that all 3 Sign-In Methods Authenticate from a Clean Browser Session and Survives a Page Refresh,,Done
2026-09-20,sprint1,50,Adventurer-s-Forge/forge-admin,Issue,US-15 Task: Unit and System Testing,,Done
2026-09-20,sprint1,51,Adventurer-s-Forge/forge-admin,Issue,US-15 Task: Code Review,,Done
2026-09-20,sprint1,52,Adventurer-s-Forge/forge-admin,Issue,US-15 Task: Integration,,Done
2026-09-20,sprint1,53,Adventurer-s-Forge/forge-admin,Issue,US-15 Task: Deployment,,Done
2026-09-20,sprint1,60,Adventurer-s-Forge/forge-admin,Issue,US-15 Task: Ensure that Users with Lost Passwords can Regain Access Unaided,,Done
2026-09-20,sprint1,21,Adventurer-s-Forge/forge-admin,Issue,US-17: User Logout,2,Done
2026-09-20,sprint1,54,Adventurer-s-Forge/forge-admin,Issue,US-17 Task: End Session on Sign-out and Return User to the Login Screen,,Done
2026-09-20,sprint1,55,Adventurer-s-Forge/forge-admin,Issue,US-17 Task: Unit and System Testing,,Done
2026-09-20,sprint1,56,Adventurer-s-Forge/forge-admin,Issue,US-17 Task: Code Review,,Done
2026-09-20,sprint1,57,Adventurer-s-Forge/forge-admin,Issue,US-17 Task: Integration,,Done
2026-09-20,sprint1,58,Adventurer-s-Forge/forge-admin,Issue,US-17 Task: Deployment,,Done
2026-09-20,sprint1,59,Adventurer-s-Forge/forge-admin,Issue,US-17 Task: Report Failed Sign-outs to the User while Leaving the App Usable,,Done
2026-09-20,sprint1,1,Adventurer-s-Forge/forge-frontend,PullRequest,"Firebase auth: registration, login, and sign-out",,Done
2026-09-20,,23,Adventurer-s-Forge/forge-admin,Issue,US-1: Select Spells,,Backlog
2026-09-20,,38,Adventurer-s-Forge/forge-admin,Issue,US-2: Calculate Spell Modifiers,,Backlog
2026-09-20,,37,Adventurer-s-Forge/forge-admin,Issue,US-3: Calculate Ability Modifiers,,Backlog
2026-09-20,,35,Adventurer-s-Forge/forge-admin,Issue,US-4: Calculate Saving Throws and Proficiency Bonus,,Backlog
2026-09-20,,34,Adventurer-s-Forge/forge-admin,Issue,US-5: Calculate Skill Modifiers,,Backlog
2026-09-20,,33,Adventurer-s-Forge/forge-admin,Issue,US-6: Select Skills,,Backlog
2026-09-20,,32,Adventurer-s-Forge/forge-admin,Issue,US-7: Calculate Battle Abilities,,Backlog
2026-09-20,,29,Adventurer-s-Forge/forge-admin,Issue,US-10: Calculate Health,,Backlog
2026-09-20,,31,Adventurer-s-Forge/forge-admin,Issue,US-8: Calculate Attack Bonuses for Equipped Weapons,,Backlog
2026-09-20,,28,Adventurer-s-Forge/forge-admin,Issue,US-11: Calculate New Hit Points Based on Entered Damage/Healing Points,,Backlog
2026-09-20,,26,Adventurer-s-Forge/forge-admin,Issue,US-14: Registration Validation & Security Checks,2,Backlog
2026-09-20,sprint1,73,Adventurer-s-Forge/forge-admin,Issue,US-22 Task: Create Re-runnable Ingestion Script,,Done
2026-09-20,,25,Adventurer-s-Forge/forge-admin,Issue,US-16: Login Validation & Error Handling,2,Backlog
2026-09-20,,30,Adventurer-s-Forge/forge-admin,Issue,US-9: Automatically Populate Feats,,Backlog
2026-09-20,,27,Adventurer-s-Forge/forge-admin,Issue,US-12: Display Descriptions of Character Attributes,,Backlog
2026-09-20,,4,Adventurer-s-Forge/forge-admin,Issue,US-20: Allow selection of character’s equipment,3,Backlog
2026-09-20,,5,Adventurer-s-Forge/forge-admin,Issue,US-19: Character Saving & Persistence,5,Backlog
2026-09-20,,6,Adventurer-s-Forge/forge-admin,Issue,US-21: Allow Duplicating of the Character Sheet,2,Backlog
2026-09-20,,8,Adventurer-s-Forge/forge-admin,Issue,US-23: Display Content Attribution,3,Backlog
2026-09-20,,9,Adventurer-s-Forge/forge-admin,Issue,US-24: Search Reference Content,3,Backlog
2026-09-20,,10,Adventurer-s-Forge/forge-admin,Issue,US-25: Filter Search Result by Content Type,3,Backlog
2026-09-20,,11,Adventurer-s-Forge/forge-admin,Issue,US-26: Without Losing Character Progress,4,Backlog
2026-09-20,,12,Adventurer-s-Forge/forge-admin,Issue,US-27: Share a Character with Another Player,4,Backlog
2026-09-20,,13,Adventurer-s-Forge/forge-admin,Issue,US-28: View Characters Shared With Me,3,Backlog
2026-09-20,,14,Adventurer-s-Forge/forge-admin,Issue,US-29: Restrict Shared Characters to Read-Only,3,Backlog
2026-09-20,,15,Adventurer-s-Forge/forge-admin,Issue,US-30: Keep Characters Private by Default,2,Backlog
2026-09-20,,16,Adventurer-s-Forge/forge-admin,Issue,US-31: Revoke Character Sharing,3,Backlog
2026-09-20,,17,Adventurer-s-Forge/forge-admin,Issue,US-32: Export Character Sheet,2,Backlog
2026-09-20,,18,Adventurer-s-Forge/forge-admin,Issue,US-33: Produce Print-Ready Character Sheet Layout,5,Backlog
2026-09-20,,39,Adventurer-s-Forge/forge-admin,Issue,US-36: Allow Editing of the Character Sheet,2,Backlog
2026-09-20,sprint1,43,Adventurer-s-Forge/forge-admin,Issue,US-18 Task: Create New Character Object in Database and link to User's ID,,Backlog
2026-09-20,sprint1,44,Adventurer-s-Forge/forge-admin,Issue,US-18 Task: Unit and System Testing,,Backlog
2026-09-20,sprint1,45,Adventurer-s-Forge/forge-admin,Issue,US-18 Task: Code Review,,Backlog
2026-09-20,sprint1,46,Adventurer-s-Forge/forge-admin,Issue,US-18 Task: Integration,,Backlog
2026-09-20,sprint1,47,Adventurer-s-Forge/forge-admin,Issue,US-18 Task: Deployment,,Backlog
2026-09-20,sprint1,48,Adventurer-s-Forge/forge-admin,Issue,US-18 Task: Load User into Character Editor with Blank Character Sheet,,Backlog
2026-09-20,sprint1,61,Adventurer-s-Forge/forge-admin,Issue,US-34 Task: Implementation,,Done
2026-09-20,sprint1,62,Adventurer-s-Forge/forge-admin,Issue,US-34 Task: Unit and System Testing,,Done
2026-09-20,sprint1,63,Adventurer-s-Forge/forge-admin,Issue,US-34 Task: Code Review,,In review
2026-09-20,sprint1,2,Adventurer-s-Forge/forge-admin,Issue,US-34: Allow selection of character’s race,3,In review
2026-09-20,sprint1,74,Adventurer-s-Forge/forge-admin,Issue,US-22 Task: Verify Data is Retrieved Exclusively from Redis at Runtime,,Done
2026-09-20,sprint1,78,Adventurer-s-Forge/forge-admin,Issue,US-22 Task: Documentation,,Done
2026-09-21,sprint1,65,Adventurer-s-Forge/forge-admin,Issue,US-34 Task: Deployment,,In review
2026-09-21,sprint1,64,Adventurer-s-Forge/forge-admin,Issue,US-34 Task: Integration,,In review
2026-09-21,sprint1,66,Adventurer-s-Forge/forge-admin,Issue,US-34 Task: Documentation,,In review
2026-09-21,sprint1,69,Adventurer-s-Forge/forge-admin,Issue,US-35 Task: Code Review,,Ready
2026-09-21,sprint1,70,Adventurer-s-Forge/forge-admin,Issue,US-35 Task: Integration,,Ready
2026-09-21,sprint1,71,Adventurer-s-Forge/forge-admin,Issue,US-35 Task: Deployment,,Ready
2026-09-21,sprint1,72,Adventurer-s-Forge/forge-admin,Issue,US-35 Task: Documentation,,Ready
2026-09-21,sprint1,68,Adventurer-s-Forge/forge-admin,Issue,US-35 Task: Unit and System Testing,,Ready
2026-09-21,sprint1,67,Adventurer-s-Forge/forge-admin,Issue,US-35 Task: Implementation,,Ready
2026-09-21,sprint1,22,Adventurer-s-Forge/forge-admin,Issue,US-18: Character Creation,5,In progress
2026-09-21,sprint1,3,Adventurer-s-Forge/forge-admin,Issue,US-35: Allow selection of character’s class,3,In progress
2026-09-21,sprint1,43,Adventurer-s-Forge/forge-admin,Issue,US-18 Task: Create New Character Object in Database and link to User's ID,,In progress
2026-09-21,sprint1,19,Adventurer-s-Forge/forge-admin,Issue,US-13: Account Registration,5,Done
2026-09-21,sprint1,7,Adventurer-s-Forge/forge-admin,Issue,US-22: Ingest Reference Content from External Source,5,Done
2026-09-21,sprint1,79,Adventurer-s-Forge/forge-admin,Issue,US-13 Task: Create a New Account and Ensure that 1 Email Resolves to Exactly 1 Account,,Done
2026-09-21,sprint1,80,Adventurer-s-Forge/forge-admin,Issue,US-13 Task: Unit and System Testing,,Done
2026-09-21,sprint1,75,Adventurer-s-Forge/forge-admin,Issue,US-22 Task: Code Review,,Done
2026-09-21,sprint1,76,Adventurer-s-Forge/forge-admin,Issue,US-22 Task: Complete Test Suite & Green CI,,Done
2026-09-21,sprint1,2,Adventurer-s-Forge/forge-admin,Issue,US-34: Allow selection of character’s race,3,Done
2026-09-21,sprint1,81,Adventurer-s-Forge/forge-admin,Issue,US-13 Task: Code Review,,Done
2026-09-21,sprint1,77,Adventurer-s-Forge/forge-admin,Issue,US-22 Task: Deployment,,Done
2026-09-21,sprint1,82,Adventurer-s-Forge/forge-admin,Issue,US-13 Task: Integration,,Done
2026-09-21,sprint1,83,Adventurer-s-Forge/forge-admin,Issue,US-13 Task: Deployment,,Done
2026-09-21,sprint1,84,Adventurer-s-Forge/forge-admin,Issue,"US-13 Task: Ensure that Every Failure Path Returns a Specific, Actionable Message",,Done
2026-09-21,sprint1,20,Adventurer-s-Forge/forge-admin,Issue,US-15: Account Login,3,Done
2026-09-21,sprint1,49,Adventurer-s-Forge/forge-admin,Issue,US-15 Task: Ensure that all 3 Sign-In Methods Authenticate from a Clean Browser Session and Survives a Page Refresh,,Done
2026-09-21,sprint1,50,Adventurer-s-Forge/forge-admin,Issue,US-15 Task: Unit and System Testing,,Done
2026-09-21,sprint1,51,Adventurer-s-Forge/forge-admin,Issue,US-15 Task: Code Review,,Done
2026-09-21,sprint1,52,Adventurer-s-Forge/forge-admin,Issue,US-15 Task: Integration,,Done
2026-09-21,sprint1,53,Adventurer-s-Forge/forge-admin,Issue,US-15 Task: Deployment,,Done
2026-09-21,sprint1,60,Adventurer-s-Forge/forge-admin,Issue,US-15 Task: Ensure that Users with Lost Passwords can Regain Access Unaided,,Done
2026-09-21,sprint1,21,Adventurer-s-Forge/forge-admin,Issue,US-17: User Logout,2,Done
2026-09-21,sprint1,54,Adventurer-s-Forge/forge-admin,Issue,US-17 Task: End Session on Sign-out and Return User to the Login Screen,,Done
2026-09-21,sprint1,55,Adventurer-s-Forge/forge-admin,Issue,US-17 Task: Unit and System Testing,,Done
2026-09-21,sprint1,56,Adventurer-s-Forge/forge-admin,Issue,US-17 Task: Code Review,,Done
2026-09-21,sprint1,57,Adventurer-s-Forge/forge-admin,Issue,US-17 Task: Integration,,Done
2026-09-21,sprint1,58,Adventurer-s-Forge/forge-admin,Issue,US-17 Task: Deployment,,Done
2026-09-21,sprint1,59,Adventurer-s-Forge/forge-admin,Issue,US-17 Task: Report Failed Sign-outs to the User while Leaving the App Usable,,Done
2026-09-21,sprint1,1,Adventurer-s-Forge/forge-frontend,PullRequest,"Firebase auth: registration, login, and sign-out",,Done
2026-09-21,,23,Adventurer-s-Forge/forge-admin,Issue,US-1: Select Spells,,Backlog
2026-09-21,,38,Adventurer-s-Forge/forge-admin,Issue,US-2: Calculate Spell Modifiers,,Backlog
2026-09-21,,37,Adventurer-s-Forge/forge-admin,Issue,US-3: Calculate Ability Modifiers,,Backlog
2026-09-21,,35,Adventurer-s-Forge/forge-admin,Issue,US-4: Calculate Saving Throws and Proficiency Bonus,,Backlog
2026-09-21,,34,Adventurer-s-Forge/forge-admin,Issue,US-5: Calculate Skill Modifiers,,Backlog
2026-09-21,,33,Adventurer-s-Forge/forge-admin,Issue,US-6: Select Skills,,Backlog
2026-09-21,,32,Adventurer-s-Forge/forge-admin,Issue,US-7: Calculate Battle Abilities,,Backlog
2026-09-21,,29,Adventurer-s-Forge/forge-admin,Issue,US-10: Calculate Health,,Backlog
2026-09-21,,31,Adventurer-s-Forge/forge-admin,Issue,US-8: Calculate Attack Bonuses for Equipped Weapons,,Backlog
2026-09-21,,28,Adventurer-s-Forge/forge-admin,Issue,US-11: Calculate New Hit Points Based on Entered Damage/Healing Points,,Backlog
2026-09-21,,26,Adventurer-s-Forge/forge-admin,Issue,US-14: Registration Validation & Security Checks,2,Backlog
2026-09-21,sprint1,73,Adventurer-s-Forge/forge-admin,Issue,US-22 Task: Create Re-runnable Ingestion Script,,Done
2026-09-21,,25,Adventurer-s-Forge/forge-admin,Issue,US-16: Login Validation & Error Handling,2,Backlog
2026-09-21,,30,Adventurer-s-Forge/forge-admin,Issue,US-9: Automatically Populate Feats,,Backlog
2026-09-21,,27,Adventurer-s-Forge/forge-admin,Issue,US-12: Display Descriptions of Character Attributes,,Backlog
2026-09-21,,4,Adventurer-s-Forge/forge-admin,Issue,US-20: Allow selection of character’s equipment,3,Backlog
2026-09-21,,5,Adventurer-s-Forge/forge-admin,Issue,US-19: Character Saving & Persistence,5,Backlog
2026-09-21,,6,Adventurer-s-Forge/forge-admin,Issue,US-21: Allow Duplicating of the Character Sheet,2,Backlog
2026-09-21,,8,Adventurer-s-Forge/forge-admin,Issue,US-23: Display Content Attribution,3,Backlog
2026-09-21,,9,Adventurer-s-Forge/forge-admin,Issue,US-24: Search Reference Content,3,Backlog
2026-09-21,,10,Adventurer-s-Forge/forge-admin,Issue,US-25: Filter Search Result by Content Type,3,Backlog
2026-09-21,,11,Adventurer-s-Forge/forge-admin,Issue,US-26: Without Losing Character Progress,4,Backlog
2026-09-21,,12,Adventurer-s-Forge/forge-admin,Issue,US-27: Share a Character with Another Player,4,Backlog
2026-09-21,,13,Adventurer-s-Forge/forge-admin,Issue,US-28: View Characters Shared With Me,3,Backlog
2026-09-21,,14,Adventurer-s-Forge/forge-admin,Issue,US-29: Restrict Shared Characters to Read-Only,3,Backlog
2026-09-21,,15,Adventurer-s-Forge/forge-admin,Issue,US-30: Keep Characters Private by Default,2,Backlog
2026-09-21,,16,Adventurer-s-Forge/forge-admin,Issue,US-31: Revoke Character Sharing,3,Backlog
2026-09-21,,17,Adventurer-s-Forge/forge-admin,Issue,US-32: Export Character Sheet,2,Backlog
2026-09-21,,18,Adventurer-s-Forge/forge-admin,Issue,US-33: Produce Print-Ready Character Sheet Layout,5,Backlog
2026-09-21,,39,Adventurer-s-Forge/forge-admin,Issue,US-36: Allow Editing of the Character Sheet,2,Backlog
2026-09-21,sprint1,44,Adventurer-s-Forge/forge-admin,Issue,US-18 Task: Unit and System Testing,,Backlog
2026-09-21,sprint1,45,Adventurer-s-Forge/forge-admin,Issue,US-18 Task: Code Review,,Backlog
2026-09-21,sprint1,46,Adventurer-s-Forge/forge-admin,Issue,US-18 Task: Integration,,Backlog
2026-09-21,sprint1,47,Adventurer-s-Forge/forge-admin,Issue,US-18 Task: Deployment,,Backlog
2026-09-21,sprint1,48,Adventurer-s-Forge/forge-admin,Issue,US-18 Task: Load User into Character Editor with Blank Character Sheet,,Backlog
2026-09-21,sprint1,61,Adventurer-s-Forge/forge-admin,Issue,US-34 Task: Implementation,,Done
2026-09-21,sprint1,62,Adventurer-s-Forge/forge-admin,Issue,US-34 Task: Unit and System Testing,,Done
2026-09-21,sprint1,74,Adventurer-s-Forge/forge-admin,Issue,US-22 Task: Verify Data is Retrieved Exclusively from Redis at Runtime,,Done
2026-09-21,sprint1,78,Adventurer-s-Forge/forge-admin,Issue,US-22 Task: Documentation,,Done
2026-09-21,sprint1,63,Adventurer-s-Forge/forge-admin,Issue,US-34 Task: Code Review,,Done
2026-09-22,sprint1,65,Adventurer-s-Forge/forge-admin,Issue,US-34 Task: Deployment,,In review
2026-09-22,sprint1,64,Adventurer-s-Forge/forge-admin,Issue,US-34 Task: Integration,,In review
2026-09-22,sprint1,66,Adventurer-s-Forge/forge-admin,Issue,US-34 Task: Documentation,,In review
2026-09-22,sprint1,69,Adventurer-s-Forge/forge-admin,Issue,US-35 Task: Code Review,,Ready
2026-09-22,sprint1,70,Adventurer-s-Forge/forge-admin,Issue,US-35 Task: Integration,,Ready
2026-09-22,sprint1,71,Adventurer-s-Forge/forge-admin,Issue,US-35 Task: Deployment,,Ready
2026-09-22,sprint1,72,Adventurer-s-Forge/forge-admin,Issue,US-35 Task: Documentation,,Ready
2026-09-22,sprint1,68,Adventurer-s-Forge/forge-admin,Issue,US-35 Task: Unit and System Testing,,Ready
2026-09-22,sprint1,67,Adventurer-s-Forge/forge-admin,Issue,US-35 Task: Implementation,,Ready
2026-09-22,sprint1,22,Adventurer-s-Forge/forge-admin,Issue,US-18: Character Creation,5,In progress
2026-09-22,sprint1,3,Adventurer-s-Forge/forge-admin,Issue,US-35: Allow selection of character’s class,3,In progress
2026-09-22,sprint1,43,Adventurer-s-Forge/forge-admin,Issue,US-18 Task: Create New Character Object in Database and link to User's ID,,In progress
2026-09-22,sprint1,19,Adventurer-s-Forge/forge-admin,Issue,US-13: Account Registration,5,Done
2026-09-22,sprint1,7,Adventurer-s-Forge/forge-admin,Issue,US-22: Ingest Reference Content from External Source,5,Done
2026-09-22,sprint1,79,Adventurer-s-Forge/forge-admin,Issue,US-13 Task: Create a New Account and Ensure that 1 Email Resolves to Exactly 1 Account,,Done
2026-09-22,sprint1,80,Adventurer-s-Forge/forge-admin,Issue,US-13 Task: Unit and System Testing,,Done
2026-09-22,sprint1,75,Adventurer-s-Forge/forge-admin,Issue,US-22 Task: Code Review,,Done
2026-09-22,sprint1,76,Adventurer-s-Forge/forge-admin,Issue,US-22 Task: Complete Test Suite & Green CI,,Done
2026-09-22,sprint1,2,Adventurer-s-Forge/forge-admin,Issue,US-34: Allow selection of character’s race,3,Done
2026-09-22,sprint1,81,Adventurer-s-Forge/forge-admin,Issue,US-13 Task: Code Review,,Done
2026-09-22,sprint1,77,Adventurer-s-Forge/forge-admin,Issue,US-22 Task: Deployment,,Done
2026-09-22,sprint1,82,Adventurer-s-Forge/forge-admin,Issue,US-13 Task: Integration,,Done
2026-09-22,sprint1,83,Adventurer-s-Forge/forge-admin,Issue,US-13 Task: Deployment,,Done
2026-09-22,sprint1,84,Adventurer-s-Forge/forge-admin,Issue,"US-13 Task: Ensure that Every Failure Path Returns a Specific, Actionable Message",,Done
2026-09-22,sprint1,20,Adventurer-s-Forge/forge-admin,Issue,US-15: Account Login,3,Done
2026-09-22,sprint1,49,Adventurer-s-Forge/forge-admin,Issue,US-15 Task: Ensure that all 3 Sign-In Methods Authenticate from a Clean Browser Session and Survives a Page Refresh,,Done
2026-09-22,sprint1,50,Adventurer-s-Forge/forge-admin,Issue,US-15 Task: Unit and System Testing,,Done
2026-09-22,sprint1,51,Adventurer-s-Forge/forge-admin,Issue,US-15 Task: Code Review,,Done
2026-09-22,sprint1,52,Adventurer-s-Forge/forge-admin,Issue,US-15 Task: Integration,,Done
2026-09-22,sprint1,53,Adventurer-s-Forge/forge-admin,Issue,US-15 Task: Deployment,,Done
2026-09-22,sprint1,60,Adventurer-s-Forge/forge-admin,Issue,US-15 Task: Ensure that Users with Lost Passwords can Regain Access Unaided,,Done
2026-09-22,sprint1,21,Adventurer-s-Forge/forge-admin,Issue,US-17: User Logout,2,Done
2026-09-22,sprint1,54,Adventurer-s-Forge/forge-admin,Issue,US-17 Task: End Session on Sign-out and Return User to the Login Screen,,Done
2026-09-22,sprint1,55,Adventurer-s-Forge/forge-admin,Issue,US-17 Task: Unit and System Testing,,Done
2026-09-22,sprint1,56,Adventurer-s-Forge/forge-admin,Issue,US-17 Task: Code Review,,Done
2026-09-22,sprint1,57,Adventurer-s-Forge/forge-admin,Issue,US-17 Task: Integration,,Done
2026-09-22,sprint1,58,Adventurer-s-Forge/forge-admin,Issue,US-17 Task: Deployment,,Done
2026-09-22,sprint1,59,Adventurer-s-Forge/forge-admin,Issue,US-17 Task: Report Failed Sign-outs to the User while Leaving the App Usable,,Done
2026-09-22,sprint1,1,Adventurer-s-Forge/forge-frontend,PullRequest,"Firebase auth: registration, login, and sign-out",,Done
2026-09-22,,23,Adventurer-s-Forge/forge-admin,Issue,US-1: Select Spells,,Backlog
2026-09-22,,38,Adventurer-s-Forge/forge-admin,Issue,US-2: Calculate Spell Modifiers,,Backlog
2026-09-22,,37,Adventurer-s-Forge/forge-admin,Issue,US-3: Calculate Ability Modifiers,,Backlog
2026-09-22,,35,Adventurer-s-Forge/forge-admin,Issue,US-4: Calculate Saving Throws and Proficiency Bonus,,Backlog
2026-09-22,,34,Adventurer-s-Forge/forge-admin,Issue,US-5: Calculate Skill Modifiers,,Backlog
2026-09-22,,33,Adventurer-s-Forge/forge-admin,Issue,US-6: Select Skills,,Backlog
2026-09-22,,32,Adventurer-s-Forge/forge-admin,Issue,US-7: Calculate Battle Abilities,,Backlog
2026-09-22,,29,Adventurer-s-Forge/forge-admin,Issue,US-10: Calculate Health,,Backlog
2026-09-22,,31,Adventurer-s-Forge/forge-admin,Issue,US-8: Calculate Attack Bonuses for Equipped Weapons,,Backlog
2026-09-22,,28,Adventurer-s-Forge/forge-admin,Issue,US-11: Calculate New Hit Points Based on Entered Damage/Healing Points,,Backlog
2026-09-22,,26,Adventurer-s-Forge/forge-admin,Issue,US-14: Registration Validation & Security Checks,2,Backlog
2026-09-22,sprint1,73,Adventurer-s-Forge/forge-admin,Issue,US-22 Task: Create Re-runnable Ingestion Script,,Done
2026-09-22,,25,Adventurer-s-Forge/forge-admin,Issue,US-16: Login Validation & Error Handling,2,Backlog
2026-09-22,,30,Adventurer-s-Forge/forge-admin,Issue,US-9: Automatically Populate Feats,,Backlog
2026-09-22,,27,Adventurer-s-Forge/forge-admin,Issue,US-12: Display Descriptions of Character Attributes,,Backlog
2026-09-22,,4,Adventurer-s-Forge/forge-admin,Issue,US-20: Allow selection of character’s equipment,3,Backlog
2026-09-22,,5,Adventurer-s-Forge/forge-admin,Issue,US-19: Character Saving & Persistence,5,Backlog
2026-09-22,,6,Adventurer-s-Forge/forge-admin,Issue,US-21: Allow Duplicating of the Character Sheet,2,Backlog
2026-09-22,,8,Adventurer-s-Forge/forge-admin,Issue,US-23: Display Content Attribution,3,Backlog
2026-09-22,,9,Adventurer-s-Forge/forge-admin,Issue,US-24: Search Reference Content,3,Backlog
2026-09-22,,10,Adventurer-s-Forge/forge-admin,Issue,US-25: Filter Search Result by Content Type,3,Backlog
2026-09-22,,11,Adventurer-s-Forge/forge-admin,Issue,US-26: Without Losing Character Progress,4,Backlog
2026-09-22,,12,Adventurer-s-Forge/forge-admin,Issue,US-27: Share a Character with Another Player,4,Backlog
2026-09-22,,13,Adventurer-s-Forge/forge-admin,Issue,US-28: View Characters Shared With Me,3,Backlog
2026-09-22,,14,Adventurer-s-Forge/forge-admin,Issue,US-29: Restrict Shared Characters to Read-Only,3,Backlog
2026-09-22,,15,Adventurer-s-Forge/forge-admin,Issue,US-30: Keep Characters Private by Default,2,Backlog
2026-09-22,,16,Adventurer-s-Forge/forge-admin,Issue,US-31: Revoke Character Sharing,3,Backlog
2026-09-22,,17,Adventurer-s-Forge/forge-admin,Issue,US-32: Export Character Sheet,2,Backlog
2026-09-22,,18,Adventurer-s-Forge/forge-admin,Issue,US-33: Produce Print-Ready Character Sheet Layout,5,Backlog
2026-09-22,,39,Adventurer-s-Forge/forge-admin,Issue,US-36: Allow Editing of the Character Sheet,2,Backlog
2026-09-22,sprint1,44,Adventurer-s-Forge/forge-admin,Issue,US-18 Task: Unit and System Testing,,Backlog
2026-09-22,sprint1,45,Adventurer-s-Forge/forge-admin,Issue,US-18 Task: Code Review,,Backlog
2026-09-22,sprint1,46,Adventurer-s-Forge/forge-admin,Issue,US-18 Task: Integration,,Backlog
2026-09-22,sprint1,47,Adventurer-s-Forge/forge-admin,Issue,US-18 Task: Deployment,,Backlog
2026-09-22,sprint1,48,Adventurer-s-Forge/forge-admin,Issue,US-18 Task: Load User into Character Editor with Blank Character Sheet,,Backlog
2026-09-22,sprint1,61,Adventurer-s-Forge/forge-admin,Issue,US-34 Task: Implementation,,Done
2026-09-22,sprint1,62,Adventurer-s-Forge/forge-admin,Issue,US-34 Task: Unit and System Testing,,Done
2026-09-22,sprint1,74,Adventurer-s-Forge/forge-admin,Issue,US-22 Task: Verify Data is Retrieved Exclusively from Redis at Runtime,,Done
2026-09-22,sprint1,78,Adventurer-s-Forge/forge-admin,Issue,US-22 Task: Documentation,,Done
2026-09-22,sprint1,63,Adventurer-s-Forge/forge-admin,Issue,US-34 Task: Code Review,,Done
2026-09-23,sprint1,65,Adventurer-s-Forge/forge-admin,Issue,US-34 Task: Deployment,,In review
2026-09-23,sprint1,64,Adventurer-s-Forge/forge-admin,Issue,US-34 Task: Integration,,In review
2026-09-23,sprint1,66,Adventurer-s-Forge/forge-admin,Issue,US-34 Task: Documentation,,In review
2026-09-23,sprint1,69,Adventurer-s-Forge/forge-admin,Issue,US-35 Task: Code Review,,Ready
2026-09-23,sprint1,70,Adventurer-s-Forge/forge-admin,Issue,US-35 Task: Integration,,Ready
2026-09-23,sprint1,71,Adventurer-s-Forge/forge-admin,Issue,US-35 Task: Deployment,,Ready
2026-09-23,sprint1,72,Adventurer-s-Forge/forge-admin,Issue,US-35 Task: Documentation,,Ready
2026-09-23,sprint1,68,Adventurer-s-Forge/forge-admin,Issue,US-35 Task: Unit and System Testing,,Ready
2026-09-23,sprint1,67,Adventurer-s-Forge/forge-admin,Issue,US-35 Task: Implementation,,Ready
2026-09-23,sprint1,22,Adventurer-s-Forge/forge-admin,Issue,US-18: Character Creation,5,In progress
2026-09-23,sprint1,3,Adventurer-s-Forge/forge-admin,Issue,US-35: Allow selection of character’s class,3,In progress
2026-09-23,sprint1,43,Adventurer-s-Forge/forge-admin,Issue,US-18 Task: Create New Character Object in Database and link to User's ID,,In progress
2026-09-23,sprint1,19,Adventurer-s-Forge/forge-admin,Issue,US-13: Account Registration,5,Done
2026-09-23,sprint1,7,Adventurer-s-Forge/forge-admin,Issue,US-22: Ingest Reference Content from External Source,5,Done
2026-09-23,sprint1,79,Adventurer-s-Forge/forge-admin,Issue,US-13 Task: Create a New Account and Ensure that 1 Email Resolves to Exactly 1 Account,,Done
2026-09-23,sprint1,80,Adventurer-s-Forge/forge-admin,Issue,US-13 Task: Unit and System Testing,,Done
2026-09-23,sprint1,75,Adventurer-s-Forge/forge-admin,Issue,US-22 Task: Code Review,,Done
2026-09-23,sprint1,76,Adventurer-s-Forge/forge-admin,Issue,US-22 Task: Complete Test Suite & Green CI,,Done
2026-09-23,sprint1,2,Adventurer-s-Forge/forge-admin,Issue,US-34: Allow selection of character’s race,3,Done
2026-09-23,sprint1,81,Adventurer-s-Forge/forge-admin,Issue,US-13 Task: Code Review,,Done
2026-09-23,sprint1,77,Adventurer-s-Forge/forge-admin,Issue,US-22 Task: Deployment,,Done
2026-09-23,sprint1,82,Adventurer-s-Forge/forge-admin,Issue,US-13 Task: Integration,,Done
2026-09-23,sprint1,83,Adventurer-s-Forge/forge-admin,Issue,US-13 Task: Deployment,,Done
2026-09-23,sprint1,84,Adventurer-s-Forge/forge-admin,Issue,"US-13 Task: Ensure that Every Failure Path Returns a Specific, Actionable Message",,Done
2026-09-23,sprint1,20,Adventurer-s-Forge/forge-admin,Issue,US-15: Account Login,3,Done
2026-09-23,sprint1,49,Adventurer-s-Forge/forge-admin,Issue,US-15 Task: Ensure that all 3 Sign-In Methods Authenticate from a Clean Browser Session and Survives a Page Refresh,,Done
2026-09-23,sprint1,50,Adventurer-s-Forge/forge-admin,Issue,US-15 Task: Unit and System Testing,,Done
2026-09-23,sprint1,51,Adventurer-s-Forge/forge-admin,Issue,US-15 Task: Code Review,,Done
2026-09-23,sprint1,52,Adventurer-s-Forge/forge-admin,Issue,US-15 Task: Integration,,Done
2026-09-23,sprint1,53,Adventurer-s-Forge/forge-admin,Issue,US-15 Task: Deployment,,Done
2026-09-23,sprint1,60,Adventurer-s-Forge/forge-admin,Issue,US-15 Task: Ensure that Users with Lost Passwords can Regain Access Unaided,,Done
2026-09-23,sprint1,21,Adventurer-s-Forge/forge-admin,Issue,US-17: User Logout,2,Done
2026-09-23,sprint1,54,Adventurer-s-Forge/forge-admin,Issue,US-17 Task: End Session on Sign-out and Return User to the Login Screen,,Done
2026-09-23,sprint1,55,Adventurer-s-Forge/forge-admin,Issue,US-17 Task: Unit and System Testing,,Done
2026-09-23,sprint1,56,Adventurer-s-Forge/forge-admin,Issue,US-17 Task: Code Review,,Done
2026-09-23,sprint1,57,Adventurer-s-Forge/forge-admin,Issue,US-17 Task: Integration,,Done
2026-09-23,sprint1,58,Adventurer-s-Forge/forge-admin,Issue,US-17 Task: Deployment,,Done
2026-09-23,sprint1,59,Adventurer-s-Forge/forge-admin,Issue,US-17 Task: Report Failed Sign-outs to the User while Leaving the App Usable,,Done
2026-09-23,sprint1,1,Adventurer-s-Forge/forge-frontend,PullRequest,"Firebase auth: registration, login, and sign-out",,Done
2026-09-23,,23,Adventurer-s-Forge/forge-admin,Issue,US-1: Select Spells,,Backlog
2026-09-23,,38,Adventurer-s-Forge/forge-admin,Issue,US-2: Calculate Spell Modifiers,,Backlog
2026-09-23,,37,Adventurer-s-Forge/forge-admin,Issue,US-3: Calculate Ability Modifiers,,Backlog
2026-09-23,,35,Adventurer-s-Forge/forge-admin,Issue,US-4: Calculate Saving Throws and Proficiency Bonus,,Backlog
2026-09-23,,34,Adventurer-s-Forge/forge-admin,Issue,US-5: Calculate Skill Modifiers,,Backlog
2026-09-23,,33,Adventurer-s-Forge/forge-admin,Issue,US-6: Select Skills,,Backlog
2026-09-23,,32,Adventurer-s-Forge/forge-admin,Issue,US-7: Calculate Battle Abilities,,Backlog
2026-09-23,,29,Adventurer-s-Forge/forge-admin,Issue,US-10: Calculate Health,,Backlog
2026-09-23,,31,Adventurer-s-Forge/forge-admin,Issue,US-8: Calculate Attack Bonuses for Equipped Weapons,,Backlog
2026-09-23,,28,Adventurer-s-Forge/forge-admin,Issue,US-11: Calculate New Hit Points Based on Entered Damage/Healing Points,,Backlog
2026-09-23,,26,Adventurer-s-Forge/forge-admin,Issue,US-14: Registration Validation & Security Checks,2,Backlog
2026-09-23,sprint1,73,Adventurer-s-Forge/forge-admin,Issue,US-22 Task: Create Re-runnable Ingestion Script,,Done
2026-09-23,,25,Adventurer-s-Forge/forge-admin,Issue,US-16: Login Validation & Error Handling,2,Backlog
2026-09-23,,30,Adventurer-s-Forge/forge-admin,Issue,US-9: Automatically Populate Feats,,Backlog
2026-09-23,,27,Adventurer-s-Forge/forge-admin,Issue,US-12: Display Descriptions of Character Attributes,,Backlog
2026-09-23,,4,Adventurer-s-Forge/forge-admin,Issue,US-20: Allow selection of character’s equipment,3,Backlog
2026-09-23,,5,Adventurer-s-Forge/forge-admin,Issue,US-19: Character Saving & Persistence,5,Backlog
2026-09-23,,6,Adventurer-s-Forge/forge-admin,Issue,US-21: Allow Duplicating of the Character Sheet,2,Backlog
2026-09-23,,8,Adventurer-s-Forge/forge-admin,Issue,US-23: Display Content Attribution,3,Backlog
2026-09-23,,9,Adventurer-s-Forge/forge-admin,Issue,US-24: Search Reference Content,3,Backlog
2026-09-23,,10,Adventurer-s-Forge/forge-admin,Issue,US-25: Filter Search Result by Content Type,3,Backlog
2026-09-23,,11,Adventurer-s-Forge/forge-admin,Issue,US-26: Without Losing Character Progress,4,Backlog
2026-09-23,,12,Adventurer-s-Forge/forge-admin,Issue,US-27: Share a Character with Another Player,4,Backlog
2026-09-23,,13,Adventurer-s-Forge/forge-admin,Issue,US-28: View Characters Shared With Me,3,Backlog
2026-09-23,,14,Adventurer-s-Forge/forge-admin,Issue,US-29: Restrict Shared Characters to Read-Only,3,Backlog
2026-09-23,,15,Adventurer-s-Forge/forge-admin,Issue,US-30: Keep Characters Private by Default,2,Backlog
2026-09-23,,16,Adventurer-s-Forge/forge-admin,Issue,US-31: Revoke Character Sharing,3,Backlog
2026-09-23,,17,Adventurer-s-Forge/forge-admin,Issue,US-32: Export Character Sheet,2,Backlog
2026-09-23,,18,Adventurer-s-Forge/forge-admin,Issue,US-33: Produce Print-Ready Character Sheet Layout,5,Backlog
2026-09-23,,39,Adventurer-s-Forge/forge-admin,Issue,US-36: Allow Editing of the Character Sheet,2,Backlog
2026-09-23,sprint1,44,Adventurer-s-Forge/forge-admin,Issue,US-18 Task: Unit and System Testing,,Backlog
2026-09-23,sprint1,45,Adventurer-s-Forge/forge-admin,Issue,US-18 Task: Code Review,,Backlog
2026-09-23,sprint1,46,Adventurer-s-Forge/forge-admin,Issue,US-18 Task: Integration,,Backlog
2026-09-23,sprint1,47,Adventurer-s-Forge/forge-admin,Issue,US-18 Task: Deployment,,Backlog
2026-09-23,sprint1,48,Adventurer-s-Forge/forge-admin,Issue,US-18 Task: Load User into Character Editor with Blank Character Sheet,,Backlog
2026-09-23,sprint1,61,Adventurer-s-Forge/forge-admin,Issue,US-34 Task: Implementation,,Done
2026-09-23,sprint1,62,Adventurer-s-Forge/forge-admin,Issue,US-34 Task: Unit and System Testing,,Done
2026-09-23,sprint1,74,Adventurer-s-Forge/forge-admin,Issue,US-22 Task: Verify Data is Retrieved Exclusively from Redis at Runtime,,Done
2026-09-23,sprint1,78,Adventurer-s-Forge/forge-admin,Issue,US-22 Task: Documentation,,Done
2026-09-23,sprint1,63,Adventurer-s-Forge/forge-admin,Issue,US-34 Task: Code Review,,Done
2026-09-24,sprint1,44,Adventurer-s-Forge/forge-admin,Issue,US-18 Task: Unit and System Testing,,Backlog
2026-09-24,sprint1,65,Adventurer-s-Forge/forge-admin,Issue,US-34 Task: Deployment,,In review
2026-09-24,sprint1,64,Adventurer-s-Forge/forge-admin,Issue,US-34 Task: Integration,,In review
2026-09-24,sprint1,66,Adventurer-s-Forge/forge-admin,Issue,US-34 Task: Documentation,,In review
2026-09-24,sprint1,69,Adventurer-s-Forge/forge-admin,Issue,US-35 Task: Code Review,,Ready
2026-09-24,sprint1,70,Adventurer-s-Forge/forge-admin,Issue,US-35 Task: Integration,,Ready
2026-09-24,sprint1,71,Adventurer-s-Forge/forge-admin,Issue,US-35 Task: Deployment,,Ready
2026-09-24,sprint1,72,Adventurer-s-Forge/forge-admin,Issue,US-35 Task: Documentation,,Ready
2026-09-24,sprint1,68,Adventurer-s-Forge/forge-admin,Issue,US-35 Task: Unit and System Testing,,Ready
2026-09-24,sprint1,67,Adventurer-s-Forge/forge-admin,Issue,US-35 Task: Implementation,,Ready
2026-09-24,sprint1,46,Adventurer-s-Forge/forge-admin,Issue,US-18 Task: Integration,,Ready
2026-09-24,sprint1,22,Adventurer-s-Forge/forge-admin,Issue,US-18: Character Creation,5,In progress
2026-09-24,sprint1,3,Adventurer-s-Forge/forge-admin,Issue,US-35: Allow selection of character’s class,3,In progress
2026-09-24,sprint1,43,Adventurer-s-Forge/forge-admin,Issue,US-18 Task: Create New Character Object in Database and link to User's ID,,In progress
2026-09-24,sprint1,48,Adventurer-s-Forge/forge-admin,Issue,US-18 Task: Load User into Character Editor with Blank Character Sheet,,In progress
2026-09-24,sprint1,19,Adventurer-s-Forge/forge-admin,Issue,US-13: Account Registration,5,Done
2026-09-24,sprint1,7,Adventurer-s-Forge/forge-admin,Issue,US-22: Ingest Reference Content from External Source,5,Done
2026-09-24,sprint1,79,Adventurer-s-Forge/forge-admin,Issue,US-13 Task: Create a New Account and Ensure that 1 Email Resolves to Exactly 1 Account,,Done
2026-09-24,sprint1,80,Adventurer-s-Forge/forge-admin,Issue,US-13 Task: Unit and System Testing,,Done
2026-09-24,sprint1,75,Adventurer-s-Forge/forge-admin,Issue,US-22 Task: Code Review,,Done
2026-09-24,sprint1,76,Adventurer-s-Forge/forge-admin,Issue,US-22 Task: Complete Test Suite & Green CI,,Done
2026-09-24,sprint1,2,Adventurer-s-Forge/forge-admin,Issue,US-34: Allow selection of character’s race,3,Done
2026-09-24,sprint1,81,Adventurer-s-Forge/forge-admin,Issue,US-13 Task: Code Review,,Done
2026-09-24,sprint1,77,Adventurer-s-Forge/forge-admin,Issue,US-22 Task: Deployment,,Done
2026-09-24,sprint1,82,Adventurer-s-Forge/forge-admin,Issue,US-13 Task: Integration,,Done
2026-09-24,sprint1,83,Adventurer-s-Forge/forge-admin,Issue,US-13 Task: Deployment,,Done
2026-09-24,sprint1,84,Adventurer-s-Forge/forge-admin,Issue,"US-13 Task: Ensure that Every Failure Path Returns a Specific, Actionable Message",,Done
2026-09-24,sprint1,20,Adventurer-s-Forge/forge-admin,Issue,US-15: Account Login,3,Done
2026-09-24,sprint1,49,Adventurer-s-Forge/forge-admin,Issue,US-15 Task: Ensure that all 3 Sign-In Methods Authenticate from a Clean Browser Session and Survives a Page Refresh,,Done
2026-09-24,sprint1,50,Adventurer-s-Forge/forge-admin,Issue,US-15 Task: Unit and System Testing,,Done
2026-09-24,sprint1,51,Adventurer-s-Forge/forge-admin,Issue,US-15 Task: Code Review,,Done
2026-09-24,sprint1,52,Adventurer-s-Forge/forge-admin,Issue,US-15 Task: Integration,,Done
2026-09-24,sprint1,53,Adventurer-s-Forge/forge-admin,Issue,US-15 Task: Deployment,,Done
2026-09-24,sprint1,60,Adventurer-s-Forge/forge-admin,Issue,US-15 Task: Ensure that Users with Lost Passwords can Regain Access Unaided,,Done
2026-09-24,sprint1,21,Adventurer-s-Forge/forge-admin,Issue,US-17: User Logout,2,Done
2026-09-24,sprint1,54,Adventurer-s-Forge/forge-admin,Issue,US-17 Task: End Session on Sign-out and Return User to the Login Screen,,Done
2026-09-24,sprint1,55,Adventurer-s-Forge/forge-admin,Issue,US-17 Task: Unit and System Testing,,Done
2026-09-24,sprint1,56,Adventurer-s-Forge/forge-admin,Issue,US-17 Task: Code Review,,Done
2026-09-24,sprint1,57,Adventurer-s-Forge/forge-admin,Issue,US-17 Task: Integration,,Done
2026-09-24,sprint1,58,Adventurer-s-Forge/forge-admin,Issue,US-17 Task: Deployment,,Done
2026-09-24,sprint1,59,Adventurer-s-Forge/forge-admin,Issue,US-17 Task: Report Failed Sign-outs to the User while Leaving the App Usable,,Done
2026-09-24,sprint1,1,Adventurer-s-Forge/forge-frontend,PullRequest,"Firebase auth: registration, login, and sign-out",,Done
2026-09-24,,23,Adventurer-s-Forge/forge-admin,Issue,US-1: Select Spells,,Backlog
2026-09-24,,38,Adventurer-s-Forge/forge-admin,Issue,US-2: Calculate Spell Modifiers,,Backlog
2026-09-24,,37,Adventurer-s-Forge/forge-admin,Issue,US-3: Calculate Ability Modifiers,,Backlog
2026-09-24,,35,Adventurer-s-Forge/forge-admin,Issue,US-4: Calculate Saving Throws and Proficiency Bonus,,Backlog
2026-09-24,,34,Adventurer-s-Forge/forge-admin,Issue,US-5: Calculate Skill Modifiers,,Backlog
2026-09-24,,33,Adventurer-s-Forge/forge-admin,Issue,US-6: Select Skills,,Backlog
2026-09-24,,32,Adventurer-s-Forge/forge-admin,Issue,US-7: Calculate Battle Abilities,,Backlog
2026-09-24,,29,Adventurer-s-Forge/forge-admin,Issue,US-10: Calculate Health,,Backlog
2026-09-24,,31,Adventurer-s-Forge/forge-admin,Issue,US-8: Calculate Attack Bonuses for Equipped Weapons,,Backlog
2026-09-24,,28,Adventurer-s-Forge/forge-admin,Issue,US-11: Calculate New Hit Points Based on Entered Damage/Healing Points,,Backlog
2026-09-24,,26,Adventurer-s-Forge/forge-admin,Issue,US-14: Registration Validation & Security Checks,2,Backlog
2026-09-24,sprint1,73,Adventurer-s-Forge/forge-admin,Issue,US-22 Task: Create Re-runnable Ingestion Script,,Done
2026-09-24,,25,Adventurer-s-Forge/forge-admin,Issue,US-16: Login Validation & Error Handling,2,Backlog
2026-09-24,,30,Adventurer-s-Forge/forge-admin,Issue,US-9: Automatically Populate Feats,,Backlog
2026-09-24,,27,Adventurer-s-Forge/forge-admin,Issue,US-12: Display Descriptions of Character Attributes,,Backlog
2026-09-24,,4,Adventurer-s-Forge/forge-admin,Issue,US-20: Allow selection of character’s equipment,3,Backlog
2026-09-24,,5,Adventurer-s-Forge/forge-admin,Issue,US-19: Character Saving & Persistence,5,Backlog
2026-09-24,,6,Adventurer-s-Forge/forge-admin,Issue,US-21: Allow Duplicating of the Character Sheet,2,Backlog
2026-09-24,,8,Adventurer-s-Forge/forge-admin,Issue,US-23: Display Content Attribution,3,Backlog
2026-09-24,,9,Adventurer-s-Forge/forge-admin,Issue,US-24: Search Reference Content,3,Backlog
2026-09-24,,10,Adventurer-s-Forge/forge-admin,Issue,US-25: Filter Search Result by Content Type,3,Backlog
2026-09-24,,11,Adventurer-s-Forge/forge-admin,Issue,US-26: Without Losing Character Progress,4,Backlog
2026-09-24,,12,Adventurer-s-Forge/forge-admin,Issue,US-27: Share a Character with Another Player,4,Backlog
2026-09-24,,13,Adventurer-s-Forge/forge-admin,Issue,US-28: View Characters Shared With Me,3,Backlog
2026-09-24,,14,Adventurer-s-Forge/forge-admin,Issue,US-29: Restrict Shared Characters to Read-Only,3,Backlog
2026-09-24,,15,Adventurer-s-Forge/forge-admin,Issue,US-30: Keep Characters Private by Default,2,Backlog
2026-09-24,,16,Adventurer-s-Forge/forge-admin,Issue,US-31: Revoke Character Sharing,3,Backlog
2026-09-24,,17,Adventurer-s-Forge/forge-admin,Issue,US-32: Export Character Sheet,2,Backlog
2026-09-24,,18,Adventurer-s-Forge/forge-admin,Issue,US-33: Produce Print-Ready Character Sheet Layout,5,Backlog
2026-09-24,,39,Adventurer-s-Forge/forge-admin,Issue,US-36: Allow Editing of the Character Sheet,2,Backlog
2026-09-24,sprint1,45,Adventurer-s-Forge/forge-admin,Issue,US-18 Task: Code Review,,Backlog
2026-09-24,sprint1,47,Adventurer-s-Forge/forge-admin,Issue,US-18 Task: Deployment,,Backlog
2026-09-24,sprint1,61,Adventurer-s-Forge/forge-admin,Issue,US-34 Task: Implementation,,Done
2026-09-24,sprint1,62,Adventurer-s-Forge/forge-admin,Issue,US-34 Task: Unit and System Testing,,Done
2026-09-24,sprint1,74,Adventurer-s-Forge/forge-admin,Issue,US-22 Task: Verify Data is Retrieved Exclusively from Redis at Runtime,,Done
2026-09-24,sprint1,78,Adventurer-s-Forge/forge-admin,Issue,US-22 Task: Documentation,,Done
2026-09-24,sprint1,63,Adventurer-s-Forge/forge-admin,Issue,US-34 Task: Code Review,,Done
2026-09-25,sprint1,44,Adventurer-s-Forge/forge-admin,Issue,US-18 Task: Unit and System Testing,,Backlog
2026-09-25,sprint1,65,Adventurer-s-Forge/forge-admin,Issue,US-34 Task: Deployment,,In review
2026-09-25,sprint1,64,Adventurer-s-Forge/forge-admin,Issue,US-34 Task: Integration,,In review
2026-09-25,sprint1,66,Adventurer-s-Forge/forge-admin,Issue,US-34 Task: Documentation,,In review
2026-09-25,sprint1,69,Adventurer-s-Forge/forge-admin,Issue,US-35 Task: Code Review,,Ready
2026-09-25,sprint1,70,Adventurer-s-Forge/forge-admin,Issue,US-35 Task: Integration,,Ready
2026-09-25,sprint1,71,Adventurer-s-Forge/forge-admin,Issue,US-35 Task: Deployment,,Ready
2026-09-25,sprint1,72,Adventurer-s-Forge/forge-admin,Issue,US-35 Task: Documentation,,Ready
2026-09-25,sprint1,68,Adventurer-s-Forge/forge-admin,Issue,US-35 Task: Unit and System Testing,,Ready
2026-09-25,sprint1,67,Adventurer-s-Forge/forge-admin,Issue,US-35 Task: Implementation,,Ready
2026-09-25,sprint1,46,Adventurer-s-Forge/forge-admin,Issue,US-18 Task: Integration,,Ready
2026-09-25,sprint1,22,Adventurer-s-Forge/forge-admin,Issue,US-18: Character Creation,5,In progress
2026-09-25,sprint1,3,Adventurer-s-Forge/forge-admin,Issue,US-35: Allow selection of character’s class,3,In progress
2026-09-25,sprint1,43,Adventurer-s-Forge/forge-admin,Issue,US-18 Task: Create New Character Object in Database and link to User's ID,,In progress
2026-09-25,sprint1,48,Adventurer-s-Forge/forge-admin,Issue,US-18 Task: Load User into Character Editor with Blank Character Sheet,,In progress
2026-09-25,sprint1,19,Adventurer-s-Forge/forge-admin,Issue,US-13: Account Registration,5,Done
2026-09-25,sprint1,7,Adventurer-s-Forge/forge-admin,Issue,US-22: Ingest Reference Content from External Source,5,Done
2026-09-25,sprint1,79,Adventurer-s-Forge/forge-admin,Issue,US-13 Task: Create a New Account and Ensure that 1 Email Resolves to Exactly 1 Account,,Done
2026-09-25,sprint1,80,Adventurer-s-Forge/forge-admin,Issue,US-13 Task: Unit and System Testing,,Done
2026-09-25,sprint1,75,Adventurer-s-Forge/forge-admin,Issue,US-22 Task: Code Review,,Done
2026-09-25,sprint1,76,Adventurer-s-Forge/forge-admin,Issue,US-22 Task: Complete Test Suite & Green CI,,Done
2026-09-25,sprint1,2,Adventurer-s-Forge/forge-admin,Issue,US-34: Allow selection of character’s race,3,Done
2026-09-25,sprint1,81,Adventurer-s-Forge/forge-admin,Issue,US-13 Task: Code Review,,Done
2026-09-25,sprint1,77,Adventurer-s-Forge/forge-admin,Issue,US-22 Task: Deployment,,Done
2026-09-25,sprint1,82,Adventurer-s-Forge/forge-admin,Issue,US-13 Task: Integration,,Done
2026-09-25,sprint1,83,Adventurer-s-Forge/forge-admin,Issue,US-13 Task: Deployment,,Done
2026-09-25,sprint1,84,Adventurer-s-Forge/forge-admin,Issue,"US-13 Task: Ensure that Every Failure Path Returns a Specific, Actionable Message",,Done
2026-09-25,sprint1,20,Adventurer-s-Forge/forge-admin,Issue,US-15: Account Login,3,Done
2026-09-25,sprint1,49,Adventurer-s-Forge/forge-admin,Issue,US-15 Task: Ensure that all 3 Sign-In Methods Authenticate from a Clean Browser Session and Survives a Page Refresh,,Done
2026-09-25,sprint1,50,Adventurer-s-Forge/forge-admin,Issue,US-15 Task: Unit and System Testing,,Done
2026-09-25,sprint1,51,Adventurer-s-Forge/forge-admin,Issue,US-15 Task: Code Review,,Done
2026-09-25,sprint1,52,Adventurer-s-Forge/forge-admin,Issue,US-15 Task: Integration,,Done
2026-09-25,sprint1,53,Adventurer-s-Forge/forge-admin,Issue,US-15 Task: Deployment,,Done
2026-09-25,sprint1,60,Adventurer-s-Forge/forge-admin,Issue,US-15 Task: Ensure that Users with Lost Passwords can Regain Access Unaided,,Done
2026-09-25,sprint1,21,Adventurer-s-Forge/forge-admin,Issue,US-17: User Logout,2,Done
2026-09-25,sprint1,54,Adventurer-s-Forge/forge-admin,Issue,US-17 Task: End Session on Sign-out and Return User to the Login Screen,,Done
2026-09-25,sprint1,55,Adventurer-s-Forge/forge-admin,Issue,US-17 Task: Unit and System Testing,,Done
2026-09-25,sprint1,56,Adventurer-s-Forge/forge-admin,Issue,US-17 Task: Code Review,,Done
2026-09-25,sprint1,57,Adventurer-s-Forge/forge-admin,Issue,US-17 Task: Integration,,Done
2026-09-25,sprint1,58,Adventurer-s-Forge/forge-admin,Issue,US-17 Task: Deployment,,Done
2026-09-25,sprint1,59,Adventurer-s-Forge/forge-admin,Issue,US-17 Task: Report Failed Sign-outs to the User while Leaving the App Usable,,Done
2026-09-25,sprint1,1,Adventurer-s-Forge/forge-frontend,PullRequest,"Firebase auth: registration, login, and sign-out",,Done
2026-09-25,,23,Adventurer-s-Forge/forge-admin,Issue,US-1: Select Spells,,Backlog
2026-09-25,,38,Adventurer-s-Forge/forge-admin,Issue,US-2: Calculate Spell Modifiers,,Backlog
2026-09-25,,37,Adventurer-s-Forge/forge-admin,Issue,US-3: Calculate Ability Modifiers,,Backlog
2026-09-25,,35,Adventurer-s-Forge/forge-admin,Issue,US-4: Calculate Saving Throws and Proficiency Bonus,,Backlog
2026-09-25,,34,Adventurer-s-Forge/forge-admin,Issue,US-5: Calculate Skill Modifiers,,Backlog
2026-09-25,,33,Adventurer-s-Forge/forge-admin,Issue,US-6: Select Skills,,Backlog
2026-09-25,,32,Adventurer-s-Forge/forge-admin,Issue,US-7: Calculate Battle Abilities,,Backlog
2026-09-25,,29,Adventurer-s-Forge/forge-admin,Issue,US-10: Calculate Health,,Backlog
2026-09-25,,31,Adventurer-s-Forge/forge-admin,Issue,US-8: Calculate Attack Bonuses for Equipped Weapons,,Backlog
2026-09-25,,28,Adventurer-s-Forge/forge-admin,Issue,US-11: Calculate New Hit Points Based on Entered Damage/Healing Points,,Backlog
2026-09-25,,26,Adventurer-s-Forge/forge-admin,Issue,US-14: Registration Validation & Security Checks,2,Backlog
2026-09-25,sprint1,73,Adventurer-s-Forge/forge-admin,Issue,US-22 Task: Create Re-runnable Ingestion Script,,Done
2026-09-25,,25,Adventurer-s-Forge/forge-admin,Issue,US-16: Login Validation & Error Handling,2,Backlog
2026-09-25,,30,Adventurer-s-Forge/forge-admin,Issue,US-9: Automatically Populate Feats,,Backlog
2026-09-25,,27,Adventurer-s-Forge/forge-admin,Issue,US-12: Display Descriptions of Character Attributes,,Backlog
2026-09-25,,4,Adventurer-s-Forge/forge-admin,Issue,US-20: Allow selection of character’s equipment,3,Backlog
2026-09-25,,5,Adventurer-s-Forge/forge-admin,Issue,US-19: Character Saving & Persistence,5,Backlog
2026-09-25,,6,Adventurer-s-Forge/forge-admin,Issue,US-21: Allow Duplicating of the Character Sheet,2,Backlog
2026-09-25,,8,Adventurer-s-Forge/forge-admin,Issue,US-23: Display Content Attribution,3,Backlog
2026-09-25,,9,Adventurer-s-Forge/forge-admin,Issue,US-24: Search Reference Content,3,Backlog
2026-09-25,,10,Adventurer-s-Forge/forge-admin,Issue,US-25: Filter Search Result by Content Type,3,Backlog
2026-09-25,,11,Adventurer-s-Forge/forge-admin,Issue,US-26: Without Losing Character Progress,4,Backlog
2026-09-25,,12,Adventurer-s-Forge/forge-admin,Issue,US-27: Share a Character with Another Player,4,Backlog
2026-09-25,,13,Adventurer-s-Forge/forge-admin,Issue,US-28: View Characters Shared With Me,3,Backlog
2026-09-25,,14,Adventurer-s-Forge/forge-admin,Issue,US-29: Restrict Shared Characters to Read-Only,3,Backlog
2026-09-25,,15,Adventurer-s-Forge/forge-admin,Issue,US-30: Keep Characters Private by Default,2,Backlog
2026-09-25,,16,Adventurer-s-Forge/forge-admin,Issue,US-31: Revoke Character Sharing,3,Backlog
2026-09-25,,17,Adventurer-s-Forge/forge-admin,Issue,US-32: Export Character Sheet,2,Backlog
2026-09-25,,18,Adventurer-s-Forge/forge-admin,Issue,US-33: Produce Print-Ready Character Sheet Layout,5,Backlog
2026-09-25,,39,Adventurer-s-Forge/forge-admin,Issue,US-36: Allow Editing of the Character Sheet,2,Backlog
2026-09-25,sprint1,45,Adventurer-s-Forge/forge-admin,Issue,US-18 Task: Code Review,,Backlog
2026-09-25,sprint1,47,Adventurer-s-Forge/forge-admin,Issue,US-18 Task: Deployment,,Backlog
2026-09-25,sprint1,61,Adventurer-s-Forge/forge-admin,Issue,US-34 Task: Implementation,,Done
2026-09-25,sprint1,62,Adventurer-s-Forge/forge-admin,Issue,US-34 Task: Unit and System Testing,,Done
2026-09-25,sprint1,74,Adventurer-s-Forge/forge-admin,Issue,US-22 Task: Verify Data is Retrieved Exclusively from Redis at Runtime,,Done
2026-09-25,sprint1,78,Adventurer-s-Forge/forge-admin,Issue,US-22 Task: Documentation,,Done
2026-09-25,sprint1,63,Adventurer-s-Forge/forge-admin,Issue,US-34 Task: Code Review,,Done
2026-09-26,sprint1,44,Adventurer-s-Forge/forge-admin,Issue,US-18 Task: Unit and System Testing,,Backlog
2026-09-26,sprint1,65,Adventurer-s-Forge/forge-admin,Issue,US-34 Task: Deployment,,In review
2026-09-26,sprint1,64,Adventurer-s-Forge/forge-admin,Issue,US-34 Task: Integration,,In review
2026-09-26,sprint1,66,Adventurer-s-Forge/forge-admin,Issue,US-34 Task: Documentation,,In review
2026-09-26,sprint1,69,Adventurer-s-Forge/forge-admin,Issue,US-35 Task: Code Review,,Ready
2026-09-26,sprint1,70,Adventurer-s-Forge/forge-admin,Issue,US-35 Task: Integration,,Ready
2026-09-26,sprint1,71,Adventurer-s-Forge/forge-admin,Issue,US-35 Task: Deployment,,Ready
2026-09-26,sprint1,72,Adventurer-s-Forge/forge-admin,Issue,US-35 Task: Documentation,,Ready
2026-09-26,sprint1,68,Adventurer-s-Forge/forge-admin,Issue,US-35 Task: Unit and System Testing,,Ready
2026-09-26,sprint1,67,Adventurer-s-Forge/forge-admin,Issue,US-35 Task: Implementation,,Ready
2026-09-26,sprint1,46,Adventurer-s-Forge/forge-admin,Issue,US-18 Task: Integration,,Ready
2026-09-26,sprint1,22,Adventurer-s-Forge/forge-admin,Issue,US-18: Character Creation,5,In progress
2026-09-26,sprint1,3,Adventurer-s-Forge/forge-admin,Issue,US-35: Allow selection of character’s class,3,In progress
2026-09-26,sprint1,43,Adventurer-s-Forge/forge-admin,Issue,US-18 Task: Create New Character Object in Database and link to User's ID,,In progress
2026-09-26,sprint1,48,Adventurer-s-Forge/forge-admin,Issue,US-18 Task: Load User into Character Editor with Blank Character Sheet,,In progress
2026-09-26,sprint1,19,Adventurer-s-Forge/forge-admin,Issue,US-13: Account Registration,5,Done
2026-09-26,sprint1,7,Adventurer-s-Forge/forge-admin,Issue,US-22: Ingest Reference Content from External Source,5,Done
2026-09-26,sprint1,79,Adventurer-s-Forge/forge-admin,Issue,US-13 Task: Create a New Account and Ensure that 1 Email Resolves to Exactly 1 Account,,Done
2026-09-26,sprint1,80,Adventurer-s-Forge/forge-admin,Issue,US-13 Task: Unit and System Testing,,Done
2026-09-26,sprint1,75,Adventurer-s-Forge/forge-admin,Issue,US-22 Task: Code Review,,Done
2026-09-26,sprint1,76,Adventurer-s-Forge/forge-admin,Issue,US-22 Task: Complete Test Suite & Green CI,,Done
2026-09-26,sprint1,2,Adventurer-s-Forge/forge-admin,Issue,US-34: Allow selection of character’s race,3,Done
2026-09-26,sprint1,81,Adventurer-s-Forge/forge-admin,Issue,US-13 Task: Code Review,,Done
2026-09-26,sprint1,77,Adventurer-s-Forge/forge-admin,Issue,US-22 Task: Deployment,,Done
2026-09-26,sprint1,82,Adventurer-s-Forge/forge-admin,Issue,US-13 Task: Integration,,Done
2026-09-26,sprint1,83,Adventurer-s-Forge/forge-admin,Issue,US-13 Task: Deployment,,Done
2026-09-26,sprint1,84,Adventurer-s-Forge/forge-admin,Issue,"US-13 Task: Ensure that Every Failure Path Returns a Specific, Actionable Message",,Done
2026-09-26,sprint1,20,Adventurer-s-Forge/forge-admin,Issue,US-15: Account Login,3,Done
2026-09-26,sprint1,49,Adventurer-s-Forge/forge-admin,Issue,US-15 Task: Ensure that all 3 Sign-In Methods Authenticate from a Clean Browser Session and Survives a Page Refresh,,Done
2026-09-26,sprint1,50,Adventurer-s-Forge/forge-admin,Issue,US-15 Task: Unit and System Testing,,Done
2026-09-26,sprint1,51,Adventurer-s-Forge/forge-admin,Issue,US-15 Task: Code Review,,Done
2026-09-26,sprint1,52,Adventurer-s-Forge/forge-admin,Issue,US-15 Task: Integration,,Done
2026-09-26,sprint1,53,Adventurer-s-Forge/forge-admin,Issue,US-15 Task: Deployment,,Done
2026-09-26,sprint1,60,Adventurer-s-Forge/forge-admin,Issue,US-15 Task: Ensure that Users with Lost Passwords can Regain Access Unaided,,Done
2026-09-26,sprint1,21,Adventurer-s-Forge/forge-admin,Issue,US-17: User Logout,2,Done
2026-09-26,sprint1,54,Adventurer-s-Forge/forge-admin,Issue,US-17 Task: End Session on Sign-out and Return User to the Login Screen,,Done
2026-09-26,sprint1,55,Adventurer-s-Forge/forge-admin,Issue,US-17 Task: Unit and System Testing,,Done
2026-09-26,sprint1,56,Adventurer-s-Forge/forge-admin,Issue,US-17 Task: Code Review,,Done
2026-09-26,sprint1,57,Adventurer-s-Forge/forge-admin,Issue,US-17 Task: Integration,,Done
2026-09-26,sprint1,58,Adventurer-s-Forge/forge-admin,Issue,US-17 Task: Deployment,,Done
2026-09-26,sprint1,59,Adventurer-s-Forge/forge-admin,Issue,US-17 Task: Report Failed Sign-outs to the User while Leaving the App Usable,,Done
2026-09-26,sprint1,1,Adventurer-s-Forge/forge-frontend,PullRequest,"Firebase auth: registration, login, and sign-out",,Done
2026-09-26,,23,Adventurer-s-Forge/forge-admin,Issue,US-1: Select Spells,,Backlog
2026-09-26,,38,Adventurer-s-Forge/forge-admin,Issue,US-2: Calculate Spell Modifiers,,Backlog
2026-09-26,,37,Adventurer-s-Forge/forge-admin,Issue,US-3: Calculate Ability Modifiers,,Backlog
2026-09-26,,35,Adventurer-s-Forge/forge-admin,Issue,US-4: Calculate Saving Throws and Proficiency Bonus,,Backlog
2026-09-26,,34,Adventurer-s-Forge/forge-admin,Issue,US-5: Calculate Skill Modifiers,,Backlog
2026-09-26,,33,Adventurer-s-Forge/forge-admin,Issue,US-6: Select Skills,,Backlog
2026-09-26,,32,Adventurer-s-Forge/forge-admin,Issue,US-7: Calculate Battle Abilities,,Backlog
2026-09-26,,29,Adventurer-s-Forge/forge-admin,Issue,US-10: Calculate Health,,Backlog
2026-09-26,,31,Adventurer-s-Forge/forge-admin,Issue,US-8: Calculate Attack Bonuses for Equipped Weapons,,Backlog
2026-09-26,,28,Adventurer-s-Forge/forge-admin,Issue,US-11: Calculate New Hit Points Based on Entered Damage/Healing Points,,Backlog
2026-09-26,,26,Adventurer-s-Forge/forge-admin,Issue,US-14: Registration Validation & Security Checks,2,Backlog
2026-09-26,sprint1,73,Adventurer-s-Forge/forge-admin,Issue,US-22 Task: Create Re-runnable Ingestion Script,,Done
2026-09-26,,25,Adventurer-s-Forge/forge-admin,Issue,US-16: Login Validation & Error Handling,2,Backlog
2026-09-26,,30,Adventurer-s-Forge/forge-admin,Issue,US-9: Automatically Populate Feats,,Backlog
2026-09-26,,27,Adventurer-s-Forge/forge-admin,Issue,US-12: Display Descriptions of Character Attributes,,Backlog
2026-09-26,,4,Adventurer-s-Forge/forge-admin,Issue,US-20: Allow selection of character’s equipment,3,Backlog
2026-09-26,,5,Adventurer-s-Forge/forge-admin,Issue,US-19: Character Saving & Persistence,5,Backlog
2026-09-26,,6,Adventurer-s-Forge/forge-admin,Issue,US-21: Allow Duplicating of the Character Sheet,2,Backlog
2026-09-26,,8,Adventurer-s-Forge/forge-admin,Issue,US-23: Display Content Attribution,3,Backlog
2026-09-26,,9,Adventurer-s-Forge/forge-admin,Issue,US-24: Search Reference Content,3,Backlog
2026-09-26,,10,Adventurer-s-Forge/forge-admin,Issue,US-25: Filter Search Result by Content Type,3,Backlog
2026-09-26,,11,Adventurer-s-Forge/forge-admin,Issue,US-26: Without Losing Character Progress,4,Backlog
2026-09-26,,12,Adventurer-s-Forge/forge-admin,Issue,US-27: Share a Character with Another Player,4,Backlog
2026-09-26,,13,Adventurer-s-Forge/forge-admin,Issue,US-28: View Characters Shared With Me,3,Backlog
2026-09-26,,14,Adventurer-s-Forge/forge-admin,Issue,US-29: Restrict Shared Characters to Read-Only,3,Backlog
2026-09-26,,15,Adventurer-s-Forge/forge-admin,Issue,US-30: Keep Characters Private by Default,2,Backlog
2026-09-26,,16,Adventurer-s-Forge/forge-admin,Issue,US-31: Revoke Character Sharing,3,Backlog
2026-09-26,,17,Adventurer-s-Forge/forge-admin,Issue,US-32: Export Character Sheet,2,Backlog
2026-09-26,,18,Adventurer-s-Forge/forge-admin,Issue,US-33: Produce Print-Ready Character Sheet Layout,5,Backlog
2026-09-26,,39,Adventurer-s-Forge/forge-admin,Issue,US-36: Allow Editing of the Character Sheet,2,Backlog
2026-09-26,sprint1,45,Adventurer-s-Forge/forge-admin,Issue,US-18 Task: Code Review,,Backlog
2026-09-26,sprint1,47,Adventurer-s-Forge/forge-admin,Issue,US-18 Task: Deployment,,Backlog
2026-09-26,sprint1,61,Adventurer-s-Forge/forge-admin,Issue,US-34 Task: Implementation,,Done
2026-09-26,sprint1,62,Adventurer-s-Forge/forge-admin,Issue,US-34 Task: Unit and System Testing,,Done
2026-09-26,sprint1,74,Adventurer-s-Forge/forge-admin,Issue,US-22 Task: Verify Data is Retrieved Exclusively from Redis at Runtime,,Done
2026-09-26,sprint1,78,Adventurer-s-Forge/forge-admin,Issue,US-22 Task: Documentation,,Done
2026-09-26,sprint1,63,Adventurer-s-Forge/forge-admin,Issue,US-34 Task: Code Review,,Done
2026-09-26,sprint1,27,Adventurer-s-Forge/forge-backend,PullRequest,Added CORS middleware with configurable allowed origins,,Backlog
2026-09-27,sprint1,65,Adventurer-s-Forge/forge-admin,Issue,US-34 Task: Deployment,,In review
2026-09-27,sprint1,64,Adventurer-s-Forge/forge-admin,Issue,US-34 Task: Integration,,In review
2026-09-27,sprint1,66,Adventurer-s-Forge/forge-admin,Issue,US-34 Task: Documentation,,In review
2026-09-27,sprint1,48,Adventurer-s-Forge/forge-admin,Issue,US-18 Task: Load User into Character Editor with Blank Character Sheet,,In review
2026-09-27,sprint1,69,Adventurer-s-Forge/forge-admin,Issue,US-35 Task: Code Review,,Ready
2026-09-27,sprint1,71,Adventurer-s-Forge/forge-admin,Issue,US-35 Task: Deployment,,Ready
2026-09-27,sprint1,47,Adventurer-s-Forge/forge-admin,Issue,US-18 Task: Deployment,,Ready
2026-09-27,sprint1,45,Adventurer-s-Forge/forge-admin,Issue,US-18 Task: Code Review,,Ready
2026-09-27,sprint1,22,Adventurer-s-Forge/forge-admin,Issue,US-18: Character Creation,5,In progress
2026-09-27,sprint1,3,Adventurer-s-Forge/forge-admin,Issue,US-35: Allow selection of character’s class,3,In progress
2026-09-27,sprint1,44,Adventurer-s-Forge/forge-admin,Issue,US-18 Task: Unit and System Testing,,In progress
2026-09-27,sprint1,70,Adventurer-s-Forge/forge-admin,Issue,US-35 Task: Integration,,In progress
2026-09-27,sprint1,46,Adventurer-s-Forge/forge-admin,Issue,US-18 Task: Integration,,In progress
2026-09-27,sprint1,72,Adventurer-s-Forge/forge-admin,Issue,US-35 Task: Documentation,,In progress
2026-09-27,sprint1,68,Adventurer-s-Forge/forge-admin,Issue,US-35 Task: Unit and System Testing,,In progress
2026-09-27,sprint1,67,Adventurer-s-Forge/forge-admin,Issue,US-35 Task: Implementation,,In progress
2026-09-27,sprint1,19,Adventurer-s-Forge/forge-admin,Issue,US-13: Account Registration,5,Done
2026-09-27,sprint1,7,Adventurer-s-Forge/forge-admin,Issue,US-22: Ingest Reference Content from External Source,5,Done
2026-09-27,sprint1,43,Adventurer-s-Forge/forge-admin,Issue,US-18 Task: Create New Character Object in Database and link to User's ID,,Done
2026-09-27,sprint1,79,Adventurer-s-Forge/forge-admin,Issue,US-13 Task: Create a New Account and Ensure that 1 Email Resolves to Exactly 1 Account,,Done
2026-09-27,sprint1,80,Adventurer-s-Forge/forge-admin,Issue,US-13 Task: Unit and System Testing,,Done
2026-09-27,sprint1,75,Adventurer-s-Forge/forge-admin,Issue,US-22 Task: Code Review,,Done
2026-09-27,sprint1,76,Adventurer-s-Forge/forge-admin,Issue,US-22 Task: Complete Test Suite & Green CI,,Done
2026-09-27,sprint1,2,Adventurer-s-Forge/forge-admin,Issue,US-34: Allow selection of character’s race,3,Done
2026-09-27,sprint1,81,Adventurer-s-Forge/forge-admin,Issue,US-13 Task: Code Review,,Done
2026-09-27,sprint1,77,Adventurer-s-Forge/forge-admin,Issue,US-22 Task: Deployment,,Done
2026-09-27,sprint1,82,Adventurer-s-Forge/forge-admin,Issue,US-13 Task: Integration,,Done
2026-09-27,sprint1,83,Adventurer-s-Forge/forge-admin,Issue,US-13 Task: Deployment,,Done
2026-09-27,sprint1,84,Adventurer-s-Forge/forge-admin,Issue,"US-13 Task: Ensure that Every Failure Path Returns a Specific, Actionable Message",,Done
2026-09-27,sprint1,20,Adventurer-s-Forge/forge-admin,Issue,US-15: Account Login,3,Done
2026-09-27,sprint1,49,Adventurer-s-Forge/forge-admin,Issue,US-15 Task: Ensure that all 3 Sign-In Methods Authenticate from a Clean Browser Session and Survives a Page Refresh,,Done
2026-09-27,sprint1,50,Adventurer-s-Forge/forge-admin,Issue,US-15 Task: Unit and System Testing,,Done
2026-09-27,sprint1,51,Adventurer-s-Forge/forge-admin,Issue,US-15 Task: Code Review,,Done
2026-09-27,sprint1,52,Adventurer-s-Forge/forge-admin,Issue,US-15 Task: Integration,,Done
2026-09-27,sprint1,53,Adventurer-s-Forge/forge-admin,Issue,US-15 Task: Deployment,,Done
2026-09-27,sprint1,60,Adventurer-s-Forge/forge-admin,Issue,US-15 Task: Ensure that Users with Lost Passwords can Regain Access Unaided,,Done
2026-09-27,sprint1,21,Adventurer-s-Forge/forge-admin,Issue,US-17: User Logout,2,Done
2026-09-27,sprint1,54,Adventurer-s-Forge/forge-admin,Issue,US-17 Task: End Session on Sign-out and Return User to the Login Screen,,Done
2026-09-27,sprint1,55,Adventurer-s-Forge/forge-admin,Issue,US-17 Task: Unit and System Testing,,Done
2026-09-27,sprint1,56,Adventurer-s-Forge/forge-admin,Issue,US-17 Task: Code Review,,Done
2026-09-27,sprint1,57,Adventurer-s-Forge/forge-admin,Issue,US-17 Task: Integration,,Done
2026-09-27,sprint1,58,Adventurer-s-Forge/forge-admin,Issue,US-17 Task: Deployment,,Done
2026-09-27,sprint1,59,Adventurer-s-Forge/forge-admin,Issue,US-17 Task: Report Failed Sign-outs to the User while Leaving the App Usable,,Done
2026-09-27,sprint1,1,Adventurer-s-Forge/forge-frontend,PullRequest,"Firebase auth: registration, login, and sign-out",,Done
2026-09-27,,23,Adventurer-s-Forge/forge-admin,Issue,US-1: Select Spells,,Backlog
2026-09-27,,38,Adventurer-s-Forge/forge-admin,Issue,US-2: Calculate Spell Modifiers,,Backlog
2026-09-27,,37,Adventurer-s-Forge/forge-admin,Issue,US-3: Calculate Ability Modifiers,,Backlog
2026-09-27,,35,Adventurer-s-Forge/forge-admin,Issue,US-4: Calculate Saving Throws and Proficiency Bonus,,Backlog
2026-09-27,,34,Adventurer-s-Forge/forge-admin,Issue,US-5: Calculate Skill Modifiers,,Backlog
2026-09-27,,33,Adventurer-s-Forge/forge-admin,Issue,US-6: Select Skills,,Backlog
2026-09-27,,32,Adventurer-s-Forge/forge-admin,Issue,US-7: Calculate Battle Abilities,,Backlog
2026-09-27,,29,Adventurer-s-Forge/forge-admin,Issue,US-10: Calculate Health,,Backlog
2026-09-27,,31,Adventurer-s-Forge/forge-admin,Issue,US-8: Calculate Attack Bonuses for Equipped Weapons,,Backlog
2026-09-27,,28,Adventurer-s-Forge/forge-admin,Issue,US-11: Calculate New Hit Points Based on Entered Damage/Healing Points,,Backlog
2026-09-27,,26,Adventurer-s-Forge/forge-admin,Issue,US-14: Registration Validation & Security Checks,2,Backlog
2026-09-27,sprint1,73,Adventurer-s-Forge/forge-admin,Issue,US-22 Task: Create Re-runnable Ingestion Script,,Done
2026-09-27,,25,Adventurer-s-Forge/forge-admin,Issue,US-16: Login Validation & Error Handling,2,Backlog
2026-09-27,,30,Adventurer-s-Forge/forge-admin,Issue,US-9: Automatically Populate Feats,,Backlog
2026-09-27,,27,Adventurer-s-Forge/forge-admin,Issue,US-12: Display Descriptions of Character Attributes,,Backlog
2026-09-27,,4,Adventurer-s-Forge/forge-admin,Issue,US-20: Allow selection of character’s equipment,3,Backlog
2026-09-27,,5,Adventurer-s-Forge/forge-admin,Issue,US-19: Character Saving & Persistence,5,Backlog
2026-09-27,,6,Adventurer-s-Forge/forge-admin,Issue,US-21: Allow Duplicating of the Character Sheet,2,Backlog
2026-09-27,,8,Adventurer-s-Forge/forge-admin,Issue,US-23: Display Content Attribution,3,Backlog
2026-09-27,,9,Adventurer-s-Forge/forge-admin,Issue,US-24: Search Reference Content,3,Backlog
2026-09-27,,10,Adventurer-s-Forge/forge-admin,Issue,US-25: Filter Search Result by Content Type,3,Backlog
2026-09-27,,11,Adventurer-s-Forge/forge-admin,Issue,US-26: Without Losing Character Progress,4,Backlog
2026-09-27,,12,Adventurer-s-Forge/forge-admin,Issue,US-27: Share a Character with Another Player,4,Backlog
2026-09-27,,13,Adventurer-s-Forge/forge-admin,Issue,US-28: View Characters Shared With Me,3,Backlog
2026-09-27,,14,Adventurer-s-Forge/forge-admin,Issue,US-29: Restrict Shared Characters to Read-Only,3,Backlog
2026-09-27,,15,Adventurer-s-Forge/forge-admin,Issue,US-30: Keep Characters Private by Default,2,Backlog
2026-09-27,,16,Adventurer-s-Forge/forge-admin,Issue,US-31: Revoke Character Sharing,3,Backlog
2026-09-27,,17,Adventurer-s-Forge/forge-admin,Issue,US-32: Export Character Sheet,2,Backlog
2026-09-27,,18,Adventurer-s-Forge/forge-admin,Issue,US-33: Produce Print-Ready Character Sheet Layout,5,Backlog
2026-09-27,,39,Adventurer-s-Forge/forge-admin,Issue,US-36: Allow Editing of the Character Sheet,2,Backlog
2026-09-27,sprint1,61,Adventurer-s-Forge/forge-admin,Issue,US-34 Task: Implementation,,Done
2026-09-27,sprint1,62,Adventurer-s-Forge/forge-admin,Issue,US-34 Task: Unit and System Testing,,Done
2026-09-27,sprint1,74,Adventurer-s-Forge/forge-admin,Issue,US-22 Task: Verify Data is Retrieved Exclusively from Redis at Runtime,,Done
2026-09-27,sprint1,78,Adventurer-s-Forge/forge-admin,Issue,US-22 Task: Documentation,,Done
2026-09-27,sprint1,63,Adventurer-s-Forge/forge-admin,Issue,US-34 Task: Code Review,,Done
2026-09-27,sprint1,27,Adventurer-s-Forge/forge-backend,PullRequest,Added CORS middleware with configurable allowed origins,,Backlog
2026-09-27,sprint1,2,Adventurer-s-Forge/forge-frontend,PullRequest,"App UI, character creation, and backend content integration",,In progress
2026-09-28,sprint1,66,Adventurer-s-Forge/forge-admin,Issue,US-34 Task: Documentation,,Done
2026-09-28,sprint1,64,Adventurer-s-Forge/forge-admin,Issue,US-34 Task: Integration,,Done
2026-09-28,sprint1,65,Adventurer-s-Forge/forge-admin,Issue,US-34 Task: Deployment,,Done
2026-09-28,sprint1,48,Adventurer-s-Forge/forge-admin,Issue,US-18 Task: Load User into Character Editor with Blank Character Sheet,,In review
2026-09-28,sprint1,69,Adventurer-s-Forge/forge-admin,Issue,US-35 Task: Code Review,,In review
2026-09-28,sprint1,3,Adventurer-s-Forge/forge-admin,Issue,US-35: Allow selection of character’s class,3,In review
2026-09-28,sprint1,72,Adventurer-s-Forge/forge-admin,Issue,US-35 Task: Documentation,,In review
2026-09-28,sprint1,67,Adventurer-s-Forge/forge-admin,Issue,US-35 Task: Implementation,,In review
2026-09-28,sprint1,71,Adventurer-s-Forge/forge-admin,Issue,US-35 Task: Deployment,,Ready
2026-09-28,sprint1,47,Adventurer-s-Forge/forge-admin,Issue,US-18 Task: Deployment,,Ready
2026-09-28,sprint1,45,Adventurer-s-Forge/forge-admin,Issue,US-18 Task: Code Review,,Ready
2026-09-28,sprint1,22,Adventurer-s-Forge/forge-admin,Issue,US-18: Character Creation,5,In progress
2026-09-28,sprint1,44,Adventurer-s-Forge/forge-admin,Issue,US-18 Task: Unit and System Testing,,In progress
2026-09-28,sprint1,70,Adventurer-s-Forge/forge-admin,Issue,US-35 Task: Integration,,In progress
2026-09-28,sprint1,46,Adventurer-s-Forge/forge-admin,Issue,US-18 Task: Integration,,In progress
2026-09-28,sprint1,68,Adventurer-s-Forge/forge-admin,Issue,US-35 Task: Unit and System Testing,,In progress
2026-09-28,sprint1,19,Adventurer-s-Forge/forge-admin,Issue,US-13: Account Registration,5,Done
2026-09-28,sprint1,7,Adventurer-s-Forge/forge-admin,Issue,US-22: Ingest Reference Content from External Source,5,Done
2026-09-28,sprint1,43,Adventurer-s-Forge/forge-admin,Issue,US-18 Task: Create New Character Object in Database and link to User's ID,,Done
2026-09-28,sprint1,79,Adventurer-s-Forge/forge-admin,Issue,US-13 Task: Create a New Account and Ensure that 1 Email Resolves to Exactly 1 Account,,Done
2026-09-28,sprint1,80,Adventurer-s-Forge/forge-admin,Issue,US-13 Task: Unit and System Testing,,Done
2026-09-28,sprint1,75,Adventurer-s-Forge/forge-admin,Issue,US-22 Task: Code Review,,Done
2026-09-28,sprint1,76,Adventurer-s-Forge/forge-admin,Issue,US-22 Task: Complete Test Suite & Green CI,,Done
2026-09-28,sprint1,2,Adventurer-s-Forge/forge-admin,Issue,US-34: Allow selection of character’s race,3,Done
2026-09-28,sprint1,81,Adventurer-s-Forge/forge-admin,Issue,US-13 Task: Code Review,,Done
2026-09-28,sprint1,77,Adventurer-s-Forge/forge-admin,Issue,US-22 Task: Deployment,,Done
2026-09-28,sprint1,82,Adventurer-s-Forge/forge-admin,Issue,US-13 Task: Integration,,Done
2026-09-28,sprint1,83,Adventurer-s-Forge/forge-admin,Issue,US-13 Task: Deployment,,Done
2026-09-28,sprint1,84,Adventurer-s-Forge/forge-admin,Issue,"US-13 Task: Ensure that Every Failure Path Returns a Specific, Actionable Message",,Done
2026-09-28,sprint1,20,Adventurer-s-Forge/forge-admin,Issue,US-15: Account Login,3,Done
2026-09-28,sprint1,49,Adventurer-s-Forge/forge-admin,Issue,US-15 Task: Ensure that all 3 Sign-In Methods Authenticate from a Clean Browser Session and Survives a Page Refresh,,Done
2026-09-28,sprint1,50,Adventurer-s-Forge/forge-admin,Issue,US-15 Task: Unit and System Testing,,Done
2026-09-28,sprint1,51,Adventurer-s-Forge/forge-admin,Issue,US-15 Task: Code Review,,Done
2026-09-28,sprint1,52,Adventurer-s-Forge/forge-admin,Issue,US-15 Task: Integration,,Done
2026-09-28,sprint1,53,Adventurer-s-Forge/forge-admin,Issue,US-15 Task: Deployment,,Done
2026-09-28,sprint1,60,Adventurer-s-Forge/forge-admin,Issue,US-15 Task: Ensure that Users with Lost Passwords can Regain Access Unaided,,Done
2026-09-28,sprint1,21,Adventurer-s-Forge/forge-admin,Issue,US-17: User Logout,2,Done
2026-09-28,sprint1,54,Adventurer-s-Forge/forge-admin,Issue,US-17 Task: End Session on Sign-out and Return User to the Login Screen,,Done
2026-09-28,sprint1,55,Adventurer-s-Forge/forge-admin,Issue,US-17 Task: Unit and System Testing,,Done
2026-09-28,sprint1,56,Adventurer-s-Forge/forge-admin,Issue,US-17 Task: Code Review,,Done
2026-09-28,sprint1,57,Adventurer-s-Forge/forge-admin,Issue,US-17 Task: Integration,,Done
2026-09-28,sprint1,58,Adventurer-s-Forge/forge-admin,Issue,US-17 Task: Deployment,,Done
2026-09-28,sprint1,59,Adventurer-s-Forge/forge-admin,Issue,US-17 Task: Report Failed Sign-outs to the User while Leaving the App Usable,,Done
2026-09-28,sprint1,1,Adventurer-s-Forge/forge-frontend,PullRequest,"Firebase auth: registration, login, and sign-out",,Done
2026-09-28,,23,Adventurer-s-Forge/forge-admin,Issue,US-1: Select Spells,,Backlog
2026-09-28,,38,Adventurer-s-Forge/forge-admin,Issue,US-2: Calculate Spell Modifiers,,Backlog
2026-09-28,,37,Adventurer-s-Forge/forge-admin,Issue,US-3: Calculate Ability Modifiers,,Backlog
2026-09-28,,35,Adventurer-s-Forge/forge-admin,Issue,US-4: Calculate Saving Throws and Proficiency Bonus,,Backlog
2026-09-28,,34,Adventurer-s-Forge/forge-admin,Issue,US-5: Calculate Skill Modifiers,,Backlog
2026-09-28,,33,Adventurer-s-Forge/forge-admin,Issue,US-6: Select Skills,,Backlog
2026-09-28,,32,Adventurer-s-Forge/forge-admin,Issue,US-7: Calculate Battle Abilities,,Backlog
2026-09-28,,29,Adventurer-s-Forge/forge-admin,Issue,US-10: Calculate Health,,Backlog
2026-09-28,,31,Adventurer-s-Forge/forge-admin,Issue,US-8: Calculate Attack Bonuses for Equipped Weapons,,Backlog
2026-09-28,,28,Adventurer-s-Forge/forge-admin,Issue,US-11: Calculate New Hit Points Based on Entered Damage/Healing Points,,Backlog
2026-09-28,,26,Adventurer-s-Forge/forge-admin,Issue,US-14: Registration Validation & Security Checks,2,Backlog
2026-09-28,sprint1,73,Adventurer-s-Forge/forge-admin,Issue,US-22 Task: Create Re-runnable Ingestion Script,,Done
2026-09-28,,25,Adventurer-s-Forge/forge-admin,Issue,US-16: Login Validation & Error Handling,2,Backlog
2026-09-28,,30,Adventurer-s-Forge/forge-admin,Issue,US-9: Automatically Populate Feats,,Backlog
2026-09-28,,27,Adventurer-s-Forge/forge-admin,Issue,US-12: Display Descriptions of Character Attributes,,Backlog
2026-09-28,,4,Adventurer-s-Forge/forge-admin,Issue,US-20: Allow selection of character’s equipment,3,Backlog
2026-09-28,,5,Adventurer-s-Forge/forge-admin,Issue,US-19: Character Saving & Persistence,5,Backlog
2026-09-28,,6,Adventurer-s-Forge/forge-admin,Issue,US-21: Allow Duplicating of the Character Sheet,2,Backlog
2026-09-28,,8,Adventurer-s-Forge/forge-admin,Issue,US-23: Display Content Attribution,3,Backlog
2026-09-28,,9,Adventurer-s-Forge/forge-admin,Issue,US-24: Search Reference Content,3,Backlog
2026-09-28,,10,Adventurer-s-Forge/forge-admin,Issue,US-25: Filter Search Result by Content Type,3,Backlog
2026-09-28,,11,Adventurer-s-Forge/forge-admin,Issue,US-26: Without Losing Character Progress,4,Backlog
2026-09-28,,12,Adventurer-s-Forge/forge-admin,Issue,US-27: Share a Character with Another Player,4,Backlog
2026-09-28,,13,Adventurer-s-Forge/forge-admin,Issue,US-28: View Characters Shared With Me,3,Backlog
2026-09-28,,14,Adventurer-s-Forge/forge-admin,Issue,US-29: Restrict Shared Characters to Read-Only,3,Backlog
2026-09-28,,15,Adventurer-s-Forge/forge-admin,Issue,US-30: Keep Characters Private by Default,2,Backlog
2026-09-28,,16,Adventurer-s-Forge/forge-admin,Issue,US-31: Revoke Character Sharing,3,Backlog
2026-09-28,,17,Adventurer-s-Forge/forge-admin,Issue,US-32: Export Character Sheet,2,Backlog
2026-09-28,,18,Adventurer-s-Forge/forge-admin,Issue,US-33: Produce Print-Ready Character Sheet Layout,5,Backlog
2026-09-28,,39,Adventurer-s-Forge/forge-admin,Issue,US-36: Allow Editing of the Character Sheet,2,Backlog
2026-09-28,sprint1,61,Adventurer-s-Forge/forge-admin,Issue,US-34 Task: Implementation,,Done
2026-09-28,sprint1,62,Adventurer-s-Forge/forge-admin,Issue,US-34 Task: Unit and System Testing,,Done
2026-09-28,sprint1,74,Adventurer-s-Forge/forge-admin,Issue,US-22 Task: Verify Data is Retrieved Exclusively from Redis at Runtime,,Done
2026-09-28,sprint1,78,Adventurer-s-Forge/forge-admin,Issue,US-22 Task: Documentation,,Done
2026-09-28,sprint1,63,Adventurer-s-Forge/forge-admin,Issue,US-34 Task: Code Review,,Done
2026-09-28,sprint1,27,Adventurer-s-Forge/forge-backend,PullRequest,Added CORS middleware with configurable allowed origins,,Done
2026-09-28,sprint1,2,Adventurer-s-Forge/forge-frontend,PullRequest,"App UI, character creation, and backend content integration",,In progress
2026-09-29,sprint1,66,Adventurer-s-Forge/forge-admin,Issue,US-34 Task: Documentation,,Done
2026-09-29,sprint1,64,Adventurer-s-Forge/forge-admin,Issue,US-34 Task: Integration,,Done
2026-09-29,sprint1,65,Adventurer-s-Forge/forge-admin,Issue,US-34 Task: Deployment,,Done
2026-09-29,sprint1,48,Adventurer-s-Forge/forge-admin,Issue,US-18 Task: Load User into Character Editor with Blank Character Sheet,,In review
2026-09-29,sprint1,69,Adventurer-s-Forge/forge-admin,Issue,US-35 Task: Code Review,,In review
2026-09-29,sprint1,3,Adventurer-s-Forge/forge-admin,Issue,US-35: Allow selection of character’s class,3,In review
2026-09-29,sprint1,22,Adventurer-s-Forge/forge-admin,Issue,US-18: Character Creation,5,In review
2026-09-29,sprint1,72,Adventurer-s-Forge/forge-admin,Issue,US-35 Task: Documentation,,In review
2026-09-29,sprint1,67,Adventurer-s-Forge/forge-admin,Issue,US-35 Task: Implementation,,In review
2026-09-29,sprint1,71,Adventurer-s-Forge/forge-admin,Issue,US-35 Task: Deployment,,Ready
2026-09-29,sprint1,47,Adventurer-s-Forge/forge-admin,Issue,US-18 Task: Deployment,,Ready
2026-09-29,sprint1,45,Adventurer-s-Forge/forge-admin,Issue,US-18 Task: Code Review,,Ready
2026-09-29,sprint1,44,Adventurer-s-Forge/forge-admin,Issue,US-18 Task: Unit and System Testing,,In progress
2026-09-29,sprint1,70,Adventurer-s-Forge/forge-admin,Issue,US-35 Task: Integration,,In progress
2026-09-29,sprint1,46,Adventurer-s-Forge/forge-admin,Issue,US-18 Task: Integration,,In progress
2026-09-29,sprint1,68,Adventurer-s-Forge/forge-admin,Issue,US-35 Task: Unit and System Testing,,In progress
2026-09-29,sprint1,19,Adventurer-s-Forge/forge-admin,Issue,US-13: Account Registration,5,Done
2026-09-29,sprint1,7,Adventurer-s-Forge/forge-admin,Issue,US-22: Ingest Reference Content from External Source,5,Done
2026-09-29,sprint1,43,Adventurer-s-Forge/forge-admin,Issue,US-18 Task: Create New Character Object in Database and link to User's ID,,Done
2026-09-29,sprint1,79,Adventurer-s-Forge/forge-admin,Issue,US-13 Task: Create a New Account and Ensure that 1 Email Resolves to Exactly 1 Account,,Done
2026-09-29,sprint1,80,Adventurer-s-Forge/forge-admin,Issue,US-13 Task: Unit and System Testing,,Done
2026-09-29,sprint1,75,Adventurer-s-Forge/forge-admin,Issue,US-22 Task: Code Review,,Done
2026-09-29,sprint1,76,Adventurer-s-Forge/forge-admin,Issue,US-22 Task: Complete Test Suite & Green CI,,Done
2026-09-29,sprint1,2,Adventurer-s-Forge/forge-admin,Issue,US-34: Allow selection of character’s race,3,Done
2026-09-29,sprint1,81,Adventurer-s-Forge/forge-admin,Issue,US-13 Task: Code Review,,Done
2026-09-29,sprint1,77,Adventurer-s-Forge/forge-admin,Issue,US-22 Task: Deployment,,Done
2026-09-29,sprint1,82,Adventurer-s-Forge/forge-admin,Issue,US-13 Task: Integration,,Done
2026-09-29,sprint1,83,Adventurer-s-Forge/forge-admin,Issue,US-13 Task: Deployment,,Done
2026-09-29,sprint1,84,Adventurer-s-Forge/forge-admin,Issue,"US-13 Task: Ensure that Every Failure Path Returns a Specific, Actionable Message",,Done
2026-09-29,sprint1,20,Adventurer-s-Forge/forge-admin,Issue,US-15: Account Login,3,Done
2026-09-29,sprint1,49,Adventurer-s-Forge/forge-admin,Issue,US-15 Task: Ensure that all 3 Sign-In Methods Authenticate from a Clean Browser Session and Survives a Page Refresh,,Done
2026-09-29,sprint1,50,Adventurer-s-Forge/forge-admin,Issue,US-15 Task: Unit and System Testing,,Done
2026-09-29,sprint1,51,Adventurer-s-Forge/forge-admin,Issue,US-15 Task: Code Review,,Done
2026-09-29,sprint1,52,Adventurer-s-Forge/forge-admin,Issue,US-15 Task: Integration,,Done
2026-09-29,sprint1,53,Adventurer-s-Forge/forge-admin,Issue,US-15 Task: Deployment,,Done
2026-09-29,sprint1,60,Adventurer-s-Forge/forge-admin,Issue,US-15 Task: Ensure that Users with Lost Passwords can Regain Access Unaided,,Done
2026-09-29,sprint1,21,Adventurer-s-Forge/forge-admin,Issue,US-17: User Logout,2,Done
2026-09-29,sprint1,54,Adventurer-s-Forge/forge-admin,Issue,US-17 Task: End Session on Sign-out and Return User to the Login Screen,,Done
2026-09-29,sprint1,55,Adventurer-s-Forge/forge-admin,Issue,US-17 Task: Unit and System Testing,,Done
2026-09-29,sprint1,56,Adventurer-s-Forge/forge-admin,Issue,US-17 Task: Code Review,,Done
2026-09-29,sprint1,57,Adventurer-s-Forge/forge-admin,Issue,US-17 Task: Integration,,Done
2026-09-29,sprint1,58,Adventurer-s-Forge/forge-admin,Issue,US-17 Task: Deployment,,Done
2026-09-29,sprint1,59,Adventurer-s-Forge/forge-admin,Issue,US-17 Task: Report Failed Sign-outs to the User while Leaving the App Usable,,Done
2026-09-29,sprint1,1,Adventurer-s-Forge/forge-frontend,PullRequest,"Firebase auth: registration, login, and sign-out",,Done
2026-09-29,,23,Adventurer-s-Forge/forge-admin,Issue,US-1: Select Spells,,Backlog
2026-09-29,,38,Adventurer-s-Forge/forge-admin,Issue,US-2: Calculate Spell Modifiers,,Backlog
2026-09-29,,37,Adventurer-s-Forge/forge-admin,Issue,US-3: Calculate Ability Modifiers,,Backlog
2026-09-29,,35,Adventurer-s-Forge/forge-admin,Issue,US-4: Calculate Saving Throws and Proficiency Bonus,,Backlog
2026-09-29,,34,Adventurer-s-Forge/forge-admin,Issue,US-5: Calculate Skill Modifiers,,Backlog
2026-09-29,,33,Adventurer-s-Forge/forge-admin,Issue,US-6: Select Skills,,Backlog
2026-09-29,,32,Adventurer-s-Forge/forge-admin,Issue,US-7: Calculate Battle Abilities,,Backlog
2026-09-29,,29,Adventurer-s-Forge/forge-admin,Issue,US-10: Calculate Health,,Backlog
2026-09-29,,31,Adventurer-s-Forge/forge-admin,Issue,US-8: Calculate Attack Bonuses for Equipped Weapons,,Backlog
2026-09-29,,28,Adventurer-s-Forge/forge-admin,Issue,US-11: Calculate New Hit Points Based on Entered Damage/Healing Points,,Backlog
2026-09-29,,26,Adventurer-s-Forge/forge-admin,Issue,US-14: Registration Validation & Security Checks,2,Backlog
2026-09-29,sprint1,73,Adventurer-s-Forge/forge-admin,Issue,US-22 Task: Create Re-runnable Ingestion Script,,Done
2026-09-29,,25,Adventurer-s-Forge/forge-admin,Issue,US-16: Login Validation & Error Handling,2,Backlog
2026-09-29,,30,Adventurer-s-Forge/forge-admin,Issue,US-9: Automatically Populate Feats,,Backlog
2026-09-29,,27,Adventurer-s-Forge/forge-admin,Issue,US-12: Display Descriptions of Character Attributes,,Backlog
2026-09-29,,4,Adventurer-s-Forge/forge-admin,Issue,US-20: Allow selection of character’s equipment,3,Backlog
2026-09-29,,5,Adventurer-s-Forge/forge-admin,Issue,US-19: Character Saving & Persistence,5,Backlog
2026-09-29,,6,Adventurer-s-Forge/forge-admin,Issue,US-21: Allow Duplicating of the Character Sheet,2,Backlog
2026-09-29,,8,Adventurer-s-Forge/forge-admin,Issue,US-23: Display Content Attribution,3,Backlog
2026-09-29,,9,Adventurer-s-Forge/forge-admin,Issue,US-24: Search Reference Content,3,Backlog
2026-09-29,,10,Adventurer-s-Forge/forge-admin,Issue,US-25: Filter Search Result by Content Type,3,Backlog
2026-09-29,,11,Adventurer-s-Forge/forge-admin,Issue,US-26: Without Losing Character Progress,4,Backlog
2026-09-29,,12,Adventurer-s-Forge/forge-admin,Issue,US-27: Share a Character with Another Player,4,Backlog
2026-09-29,,13,Adventurer-s-Forge/forge-admin,Issue,US-28: View Characters Shared With Me,3,Backlog
2026-09-29,,14,Adventurer-s-Forge/forge-admin,Issue,US-29: Restrict Shared Characters to Read-Only,3,Backlog
2026-09-29,,15,Adventurer-s-Forge/forge-admin,Issue,US-30: Keep Characters Private by Default,2,Backlog
2026-09-29,,16,Adventurer-s-Forge/forge-admin,Issue,US-31: Revoke Character Sharing,3,Backlog
2026-09-29,,17,Adventurer-s-Forge/forge-admin,Issue,US-32: Export Character Sheet,2,Backlog
2026-09-29,,18,Adventurer-s-Forge/forge-admin,Issue,US-33: Produce Print-Ready Character Sheet Layout,5,Backlog
2026-09-29,,39,Adventurer-s-Forge/forge-admin,Issue,US-36: Allow Editing of the Character Sheet,2,Backlog
2026-09-29,sprint1,61,Adventurer-s-Forge/forge-admin,Issue,US-34 Task: Implementation,,Done
2026-09-29,sprint1,62,Adventurer-s-Forge/forge-admin,Issue,US-34 Task: Unit and System Testing,,Done
2026-09-29,sprint1,74,Adventurer-s-Forge/forge-admin,Issue,US-22 Task: Verify Data is Retrieved Exclusively from Redis at Runtime,,Done
2026-09-29,sprint1,78,Adventurer-s-Forge/forge-admin,Issue,US-22 Task: Documentation,,Done
2026-09-29,sprint1,63,Adventurer-s-Forge/forge-admin,Issue,US-34 Task: Code Review,,Done
2026-09-29,sprint1,27,Adventurer-s-Forge/forge-backend,PullRequest,Added CORS middleware with configurable allowed origins,,Done
2026-09-29,sprint1,2,Adventurer-s-Forge/forge-frontend,PullRequest,"App UI, character creation, and backend content integration",,In progress
2026-09-30,sprint1,66,Adventurer-s-Forge/forge-admin,Issue,US-34 Task: Documentation,,Done
2026-09-30,sprint1,64,Adventurer-s-Forge/forge-admin,Issue,US-34 Task: Integration,,Done
2026-09-30,sprint1,65,Adventurer-s-Forge/forge-admin,Issue,US-34 Task: Deployment,,Done
2026-09-30,sprint1,48,Adventurer-s-Forge/forge-admin,Issue,US-18 Task: Load User into Character Editor with Blank Character Sheet,,In review
2026-09-30,sprint1,69,Adventurer-s-Forge/forge-admin,Issue,US-35 Task: Code Review,,In review
2026-09-30,sprint1,3,Adventurer-s-Forge/forge-admin,Issue,US-35: Allow selection of character’s class,3,In review
2026-09-30,sprint1,22,Adventurer-s-Forge/forge-admin,Issue,US-18: Character Creation,5,In review
2026-09-30,sprint1,72,Adventurer-s-Forge/forge-admin,Issue,US-35 Task: Documentation,,In review
2026-09-30,sprint1,67,Adventurer-s-Forge/forge-admin,Issue,US-35 Task: Implementation,,In review
2026-09-30,sprint1,71,Adventurer-s-Forge/forge-admin,Issue,US-35 Task: Deployment,,Ready
2026-09-30,sprint1,47,Adventurer-s-Forge/forge-admin,Issue,US-18 Task: Deployment,,Ready
2026-09-30,sprint1,45,Adventurer-s-Forge/forge-admin,Issue,US-18 Task: Code Review,,Ready
2026-09-30,sprint1,44,Adventurer-s-Forge/forge-admin,Issue,US-18 Task: Unit and System Testing,,In progress
2026-09-30,sprint1,70,Adventurer-s-Forge/forge-admin,Issue,US-35 Task: Integration,,In progress
2026-09-30,sprint1,46,Adventurer-s-Forge/forge-admin,Issue,US-18 Task: Integration,,In progress
2026-09-30,sprint1,68,Adventurer-s-Forge/forge-admin,Issue,US-35 Task: Unit and System Testing,,In progress
2026-09-30,sprint1,19,Adventurer-s-Forge/forge-admin,Issue,US-13: Account Registration,5,Done
2026-09-30,sprint1,7,Adventurer-s-Forge/forge-admin,Issue,US-22: Ingest Reference Content from External Source,5,Done
2026-09-30,sprint1,43,Adventurer-s-Forge/forge-admin,Issue,US-18 Task: Create New Character Object in Database and link to User's ID,,Done
2026-09-30,sprint1,79,Adventurer-s-Forge/forge-admin,Issue,US-13 Task: Create a New Account and Ensure that 1 Email Resolves to Exactly 1 Account,,Done
2026-09-30,sprint1,80,Adventurer-s-Forge/forge-admin,Issue,US-13 Task: Unit and System Testing,,Done
2026-09-30,sprint1,75,Adventurer-s-Forge/forge-admin,Issue,US-22 Task: Code Review,,Done
2026-09-30,sprint1,76,Adventurer-s-Forge/forge-admin,Issue,US-22 Task: Complete Test Suite & Green CI,,Done
2026-09-30,sprint1,2,Adventurer-s-Forge/forge-admin,Issue,US-34: Allow selection of character’s race,3,Done
2026-09-30,sprint1,81,Adventurer-s-Forge/forge-admin,Issue,US-13 Task: Code Review,,Done
2026-09-30,sprint1,77,Adventurer-s-Forge/forge-admin,Issue,US-22 Task: Deployment,,Done
2026-09-30,sprint1,82,Adventurer-s-Forge/forge-admin,Issue,US-13 Task: Integration,,Done
2026-09-30,sprint1,83,Adventurer-s-Forge/forge-admin,Issue,US-13 Task: Deployment,,Done
2026-09-30,sprint1,84,Adventurer-s-Forge/forge-admin,Issue,"US-13 Task: Ensure that Every Failure Path Returns a Specific, Actionable Message",,Done
2026-09-30,sprint1,20,Adventurer-s-Forge/forge-admin,Issue,US-15: Account Login,3,Done
2026-09-30,sprint1,49,Adventurer-s-Forge/forge-admin,Issue,US-15 Task: Ensure that all 3 Sign-In Methods Authenticate from a Clean Browser Session and Survives a Page Refresh,,Done
2026-09-30,sprint1,50,Adventurer-s-Forge/forge-admin,Issue,US-15 Task: Unit and System Testing,,Done
2026-09-30,sprint1,51,Adventurer-s-Forge/forge-admin,Issue,US-15 Task: Code Review,,Done
2026-09-30,sprint1,52,Adventurer-s-Forge/forge-admin,Issue,US-15 Task: Integration,,Done
2026-09-30,sprint1,53,Adventurer-s-Forge/forge-admin,Issue,US-15 Task: Deployment,,Done
2026-09-30,sprint1,60,Adventurer-s-Forge/forge-admin,Issue,US-15 Task: Ensure that Users with Lost Passwords can Regain Access Unaided,,Done
2026-09-30,sprint1,21,Adventurer-s-Forge/forge-admin,Issue,US-17: User Logout,2,Done
2026-09-30,sprint1,54,Adventurer-s-Forge/forge-admin,Issue,US-17 Task: End Session on Sign-out and Return User to the Login Screen,,Done
2026-09-30,sprint1,55,Adventurer-s-Forge/forge-admin,Issue,US-17 Task: Unit and System Testing,,Done
2026-09-30,sprint1,56,Adventurer-s-Forge/forge-admin,Issue,US-17 Task: Code Review,,Done
2026-09-30,sprint1,57,Adventurer-s-Forge/forge-admin,Issue,US-17 Task: Integration,,Done
2026-09-30,sprint1,58,Adventurer-s-Forge/forge-admin,Issue,US-17 Task: Deployment,,Done
2026-09-30,sprint1,59,Adventurer-s-Forge/forge-admin,Issue,US-17 Task: Report Failed Sign-outs to the User while Leaving the App Usable,,Done
2026-09-30,sprint1,1,Adventurer-s-Forge/forge-frontend,PullRequest,"Firebase auth: registration, login, and sign-out",,Done
2026-09-30,,23,Adventurer-s-Forge/forge-admin,Issue,US-1: Select Spells,,Backlog
2026-09-30,,38,Adventurer-s-Forge/forge-admin,Issue,US-2: Calculate Spell Modifiers,,Backlog
2026-09-30,,37,Adventurer-s-Forge/forge-admin,Issue,US-3: Calculate Ability Modifiers,,Backlog
2026-09-30,,35,Adventurer-s-Forge/forge-admin,Issue,US-4: Calculate Saving Throws and Proficiency Bonus,,Backlog
2026-09-30,,34,Adventurer-s-Forge/forge-admin,Issue,US-5: Calculate Skill Modifiers,,Backlog
2026-09-30,,33,Adventurer-s-Forge/forge-admin,Issue,US-6: Select Skills,,Backlog
2026-09-30,,32,Adventurer-s-Forge/forge-admin,Issue,US-7: Calculate Battle Abilities,,Backlog
2026-09-30,,29,Adventurer-s-Forge/forge-admin,Issue,US-10: Calculate Health,,Backlog
2026-09-30,,31,Adventurer-s-Forge/forge-admin,Issue,US-8: Calculate Attack Bonuses for Equipped Weapons,,Backlog
2026-09-30,,28,Adventurer-s-Forge/forge-admin,Issue,US-11: Calculate New Hit Points Based on Entered Damage/Healing Points,,Backlog
2026-09-30,,26,Adventurer-s-Forge/forge-admin,Issue,US-14: Registration Validation & Security Checks,2,Backlog
2026-09-30,sprint1,73,Adventurer-s-Forge/forge-admin,Issue,US-22 Task: Create Re-runnable Ingestion Script,,Done
2026-09-30,,25,Adventurer-s-Forge/forge-admin,Issue,US-16: Login Validation & Error Handling,2,Backlog
2026-09-30,,30,Adventurer-s-Forge/forge-admin,Issue,US-9: Automatically Populate Feats,,Backlog
2026-09-30,,27,Adventurer-s-Forge/forge-admin,Issue,US-12: Display Descriptions of Character Attributes,,Backlog
2026-09-30,,4,Adventurer-s-Forge/forge-admin,Issue,US-20: Allow selection of character’s equipment,3,Backlog
2026-09-30,,5,Adventurer-s-Forge/forge-admin,Issue,US-19: Character Saving & Persistence,5,Backlog
2026-09-30,,6,Adventurer-s-Forge/forge-admin,Issue,US-21: Allow Duplicating of the Character Sheet,2,Backlog
2026-09-30,,8,Adventurer-s-Forge/forge-admin,Issue,US-23: Display Content Attribution,3,Backlog
2026-09-30,,9,Adventurer-s-Forge/forge-admin,Issue,US-24: Search Reference Content,3,Backlog
2026-09-30,,10,Adventurer-s-Forge/forge-admin,Issue,US-25: Filter Search Result by Content Type,3,Backlog
2026-09-30,,11,Adventurer-s-Forge/forge-admin,Issue,US-26: Without Losing Character Progress,4,Backlog
2026-09-30,,12,Adventurer-s-Forge/forge-admin,Issue,US-27: Share a Character with Another Player,4,Backlog
2026-09-30,,13,Adventurer-s-Forge/forge-admin,Issue,US-28: View Characters Shared With Me,3,Backlog
2026-09-30,,14,Adventurer-s-Forge/forge-admin,Issue,US-29: Restrict Shared Characters to Read-Only,3,Backlog
2026-09-30,,15,Adventurer-s-Forge/forge-admin,Issue,US-30: Keep Characters Private by Default,2,Backlog
2026-09-30,,16,Adventurer-s-Forge/forge-admin,Issue,US-31: Revoke Character Sharing,3,Backlog
2026-09-30,,17,Adventurer-s-Forge/forge-admin,Issue,US-32: Export Character Sheet,2,Backlog
2026-09-30,,18,Adventurer-s-Forge/forge-admin,Issue,US-33: Produce Print-Ready Character Sheet Layout,5,Backlog
2026-09-30,,39,Adventurer-s-Forge/forge-admin,Issue,US-36: Allow Editing of the Character Sheet,2,Backlog
2026-09-30,sprint1,61,Adventurer-s-Forge/forge-admin,Issue,US-34 Task: Implementation,,Done
2026-09-30,sprint1,62,Adventurer-s-Forge/forge-admin,Issue,US-34 Task: Unit and System Testing,,Done
2026-09-30,sprint1,74,Adventurer-s-Forge/forge-admin,Issue,US-22 Task: Verify Data is Retrieved Exclusively from Redis at Runtime,,Done
2026-09-30,sprint1,78,Adventurer-s-Forge/forge-admin,Issue,US-22 Task: Documentation,,Done
2026-09-30,sprint1,63,Adventurer-s-Forge/forge-admin,Issue,US-34 Task: Code Review,,Done
2026-09-30,sprint1,27,Adventurer-s-Forge/forge-backend,PullRequest,Added CORS middleware with configurable allowed origins,,Done
2026-09-30,sprint1,2,Adventurer-s-Forge/forge-frontend,PullRequest,"App UI, character creation, and backend content integration",,In progress
2026-10-01,sprint1,66,Adventurer-s-Forge/forge-admin,Issue,US-34 Task: Documentation,,Done
2026-10-01,sprint1,64,Adventurer-s-Forge/forge-admin,Issue,US-34 Task: Integration,,Done
2026-10-01,sprint1,65,Adventurer-s-Forge/forge-admin,Issue,US-34 Task: Deployment,,Done
2026-10-01,sprint1,48,Adventurer-s-Forge/forge-admin,Issue,US-18 Task: Load User into Character Editor with Blank Character Sheet,,In review
2026-10-01,sprint1,69,Adventurer-s-Forge/forge-admin,Issue,US-35 Task: Code Review,,In review
2026-10-01,sprint1,3,Adventurer-s-Forge/forge-admin,Issue,US-35: Allow selection of character’s class,3,In review
2026-10-01,sprint1,22,Adventurer-s-Forge/forge-admin,Issue,US-18: Character Creation,5,In review
2026-10-01,sprint1,72,Adventurer-s-Forge/forge-admin,Issue,US-35 Task: Documentation,,In review
2026-10-01,sprint1,67,Adventurer-s-Forge/forge-admin,Issue,US-35 Task: Implementation,,In review
2026-10-01,sprint1,71,Adventurer-s-Forge/forge-admin,Issue,US-35 Task: Deployment,,Ready
2026-10-01,sprint1,47,Adventurer-s-Forge/forge-admin,Issue,US-18 Task: Deployment,,Ready
2026-10-01,sprint1,45,Adventurer-s-Forge/forge-admin,Issue,US-18 Task: Code Review,,Ready
2026-10-01,sprint1,44,Adventurer-s-Forge/forge-admin,Issue,US-18 Task: Unit and System Testing,,In progress
2026-10-01,sprint1,70,Adventurer-s-Forge/forge-admin,Issue,US-35 Task: Integration,,In progress
2026-10-01,sprint1,46,Adventurer-s-Forge/forge-admin,Issue,US-18 Task: Integration,,In progress
2026-10-01,sprint1,68,Adventurer-s-Forge/forge-admin,Issue,US-35 Task: Unit and System Testing,,In progress
2026-10-01,sprint1,19,Adventurer-s-Forge/forge-admin,Issue,US-13: Account Registration,5,Done
2026-10-01,sprint1,7,Adventurer-s-Forge/forge-admin,Issue,US-22: Ingest Reference Content from External Source,5,Done
2026-10-01,sprint1,43,Adventurer-s-Forge/forge-admin,Issue,US-18 Task: Create New Character Object in Database and link to User's ID,,Done
2026-10-01,sprint1,79,Adventurer-s-Forge/forge-admin,Issue,US-13 Task: Create a New Account and Ensure that 1 Email Resolves to Exactly 1 Account,,Done
2026-10-01,sprint1,80,Adventurer-s-Forge/forge-admin,Issue,US-13 Task: Unit and System Testing,,Done
2026-10-01,sprint1,75,Adventurer-s-Forge/forge-admin,Issue,US-22 Task: Code Review,,Done
2026-10-01,sprint1,76,Adventurer-s-Forge/forge-admin,Issue,US-22 Task: Complete Test Suite & Green CI,,Done
2026-10-01,sprint1,2,Adventurer-s-Forge/forge-admin,Issue,US-34: Allow selection of character’s race,3,Done
2026-10-01,sprint1,81,Adventurer-s-Forge/forge-admin,Issue,US-13 Task: Code Review,,Done
2026-10-01,sprint1,77,Adventurer-s-Forge/forge-admin,Issue,US-22 Task: Deployment,,Done
2026-10-01,sprint1,82,Adventurer-s-Forge/forge-admin,Issue,US-13 Task: Integration,,Done
2026-10-01,sprint1,83,Adventurer-s-Forge/forge-admin,Issue,US-13 Task: Deployment,,Done
2026-10-01,sprint1,84,Adventurer-s-Forge/forge-admin,Issue,"US-13 Task: Ensure that Every Failure Path Returns a Specific, Actionable Message",,Done
2026-10-01,sprint1,20,Adventurer-s-Forge/forge-admin,Issue,US-15: Account Login,3,Done
2026-10-01,sprint1,49,Adventurer-s-Forge/forge-admin,Issue,US-15 Task: Ensure that all 3 Sign-In Methods Authenticate from a Clean Browser Session and Survives a Page Refresh,,Done
2026-10-01,sprint1,50,Adventurer-s-Forge/forge-admin,Issue,US-15 Task: Unit and System Testing,,Done
2026-10-01,sprint1,51,Adventurer-s-Forge/forge-admin,Issue,US-15 Task: Code Review,,Done
2026-10-01,sprint1,52,Adventurer-s-Forge/forge-admin,Issue,US-15 Task: Integration,,Done
2026-10-01,sprint1,53,Adventurer-s-Forge/forge-admin,Issue,US-15 Task: Deployment,,Done
2026-10-01,sprint1,60,Adventurer-s-Forge/forge-admin,Issue,US-15 Task: Ensure that Users with Lost Passwords can Regain Access Unaided,,Done
2026-10-01,sprint1,21,Adventurer-s-Forge/forge-admin,Issue,US-17: User Logout,2,Done
2026-10-01,sprint1,54,Adventurer-s-Forge/forge-admin,Issue,US-17 Task: End Session on Sign-out and Return User to the Login Screen,,Done
2026-10-01,sprint1,55,Adventurer-s-Forge/forge-admin,Issue,US-17 Task: Unit and System Testing,,Done
2026-10-01,sprint1,56,Adventurer-s-Forge/forge-admin,Issue,US-17 Task: Code Review,,Done
2026-10-01,sprint1,57,Adventurer-s-Forge/forge-admin,Issue,US-17 Task: Integration,,Done
2026-10-01,sprint1,58,Adventurer-s-Forge/forge-admin,Issue,US-17 Task: Deployment,,Done
2026-10-01,sprint1,59,Adventurer-s-Forge/forge-admin,Issue,US-17 Task: Report Failed Sign-outs to the User while Leaving the App Usable,,Done
2026-10-01,sprint1,1,Adventurer-s-Forge/forge-frontend,PullRequest,"Firebase auth: registration, login, and sign-out",,Done
2026-10-01,sprint2,23,Adventurer-s-Forge/forge-admin,Issue,US-1: Select Spells,3,Backlog
2026-10-01,,38,Adventurer-s-Forge/forge-admin,Issue,US-2: Calculate Spell Modifiers,3,Backlog
2026-10-01,,37,Adventurer-s-Forge/forge-admin,Issue,US-3: Calculate Ability Modifiers,3,Backlog
2026-10-01,,35,Adventurer-s-Forge/forge-admin,Issue,US-4: Calculate Saving Throws and Proficiency Bonus,3,Backlog
2026-10-01,,34,Adventurer-s-Forge/forge-admin,Issue,US-5: Calculate Skill Modifiers,3,Backlog
2026-10-01,sprint2,33,Adventurer-s-Forge/forge-admin,Issue,US-6: Select Skills,3,Backlog
2026-10-01,,32,Adventurer-s-Forge/forge-admin,Issue,US-7: Calculate Battle Abilities,3,Backlog
2026-10-01,,29,Adventurer-s-Forge/forge-admin,Issue,US-10: Calculate Health,2,Backlog
2026-10-01,,31,Adventurer-s-Forge/forge-admin,Issue,US-8: Calculate Attack Bonuses for Equipped Weapons,3,Backlog
2026-10-01,,28,Adventurer-s-Forge/forge-admin,Issue,US-11: Calculate New Hit Points Based on Entered Damage/Healing Points,1,Backlog
2026-10-01,,26,Adventurer-s-Forge/forge-admin,Issue,US-14: Registration Validation & Security Checks,2,Backlog
2026-10-01,sprint1,73,Adventurer-s-Forge/forge-admin,Issue,US-22 Task: Create Re-runnable Ingestion Script,,Done
2026-10-01,sprint2,25,Adventurer-s-Forge/forge-admin,Issue,US-16: Login Validation & Error Handling,2,Backlog
2026-10-01,,30,Adventurer-s-Forge/forge-admin,Issue,US-9: Automatically Populate Feats,5,Backlog
2026-10-01,,27,Adventurer-s-Forge/forge-admin,Issue,US-12: Display Descriptions of Character Attributes,2,Backlog
2026-10-01,sprint2,4,Adventurer-s-Forge/forge-admin,Issue,US-20: Allow selection of character’s equipment,3,Backlog
2026-10-01,sprint2,5,Adventurer-s-Forge/forge-admin,Issue,US-19: Character Saving & Persistence,5,Backlog
2026-10-01,,6,Adventurer-s-Forge/forge-admin,Issue,US-21: Allow Duplicating of the Character Sheet,2,Backlog
2026-10-01,,8,Adventurer-s-Forge/forge-admin,Issue,US-23: Display Content Attribution,3,Backlog
2026-10-01,,9,Adventurer-s-Forge/forge-admin,Issue,US-24: Search Reference Content,3,Backlog
2026-10-01,,10,Adventurer-s-Forge/forge-admin,Issue,US-25: Filter Search Result by Content Type,3,Backlog
2026-10-01,,11,Adventurer-s-Forge/forge-admin,Issue,US-26: Without Losing Character Progress,4,Backlog
2026-10-01,,12,Adventurer-s-Forge/forge-admin,Issue,US-27: Share a Character with Another Player,4,Backlog
2026-10-01,,13,Adventurer-s-Forge/forge-admin,Issue,US-28: View Characters Shared With Me,3,Backlog
2026-10-01,,14,Adventurer-s-Forge/forge-admin,Issue,US-29: Restrict Shared Characters to Read-Only,3,Backlog
2026-10-01,,15,Adventurer-s-Forge/forge-admin,Issue,US-30: Keep Characters Private by Default,2,Backlog
2026-10-01,,16,Adventurer-s-Forge/forge-admin,Issue,US-31: Revoke Character Sharing,3,Backlog
2026-10-01,,17,Adventurer-s-Forge/forge-admin,Issue,US-32: Export Character Sheet,2,Backlog
2026-10-01,,18,Adventurer-s-Forge/forge-admin,Issue,US-33: Produce Print-Ready Character Sheet Layout,5,Backlog
2026-10-01,sprint2,39,Adventurer-s-Forge/forge-admin,Issue,US-36: Allow Editing of the Character Sheet,2,Backlog
2026-10-01,sprint1,61,Adventurer-s-Forge/forge-admin,Issue,US-34 Task: Implementation,,Done
2026-10-01,sprint1,62,Adventurer-s-Forge/forge-admin,Issue,US-34 Task: Unit and System Testing,,Done
2026-10-01,sprint1,74,Adventurer-s-Forge/forge-admin,Issue,US-22 Task: Verify Data is Retrieved Exclusively from Redis at Runtime,,Done
2026-10-01,sprint1,78,Adventurer-s-Forge/forge-admin,Issue,US-22 Task: Documentation,,Done
2026-10-01,sprint1,63,Adventurer-s-Forge/forge-admin,Issue,US-34 Task: Code Review,,Done
2026-10-01,sprint1,27,Adventurer-s-Forge/forge-backend,PullRequest,Added CORS middleware with configurable allowed origins,,Done
2026-10-01,sprint1,2,Adventurer-s-Forge/forge-frontend,PullRequest,"App UI, character creation, and backend content integration",,In progress
2026-10-01,,86,Adventurer-s-Forge/forge-admin,Issue,US-37: Select Background,3,Backlog
2026-10-01,,87,Adventurer-s-Forge/forge-admin,Issue,US-38: Delete a Character,2,Backlog
2026-10-02,sprint1,66,Adventurer-s-Forge/forge-admin,Issue,US-34 Task: Documentation,,Done
2026-10-02,sprint1,64,Adventurer-s-Forge/forge-admin,Issue,US-34 Task: Integration,,Done
2026-10-02,sprint1,65,Adventurer-s-Forge/forge-admin,Issue,US-34 Task: Deployment,,Done
2026-10-02,sprint1,48,Adventurer-s-Forge/forge-admin,Issue,US-18 Task: Load User into Character Editor with Blank Character Sheet,,In review
2026-10-02,sprint1,69,Adventurer-s-Forge/forge-admin,Issue,US-35 Task: Code Review,,In review
2026-10-02,sprint1,3,Adventurer-s-Forge/forge-admin,Issue,US-35: Allow selection of character’s class,3,In review
2026-10-02,sprint1,22,Adventurer-s-Forge/forge-admin,Issue,US-18: Character Creation,5,In review
2026-10-02,sprint1,72,Adventurer-s-Forge/forge-admin,Issue,US-35 Task: Documentation,,In review
2026-10-02,sprint1,67,Adventurer-s-Forge/forge-admin,Issue,US-35 Task: Implementation,,In review
2026-10-02,sprint1,71,Adventurer-s-Forge/forge-admin,Issue,US-35 Task: Deployment,,Ready
2026-10-02,sprint1,47,Adventurer-s-Forge/forge-admin,Issue,US-18 Task: Deployment,,Ready
2026-10-02,sprint1,45,Adventurer-s-Forge/forge-admin,Issue,US-18 Task: Code Review,,Ready
2026-10-02,sprint1,44,Adventurer-s-Forge/forge-admin,Issue,US-18 Task: Unit and System Testing,,In progress
2026-10-02,sprint1,70,Adventurer-s-Forge/forge-admin,Issue,US-35 Task: Integration,,In progress
2026-10-02,sprint1,46,Adventurer-s-Forge/forge-admin,Issue,US-18 Task: Integration,,In progress
2026-10-02,sprint1,68,Adventurer-s-Forge/forge-admin,Issue,US-35 Task: Unit and System Testing,,In progress
2026-10-02,sprint1,19,Adventurer-s-Forge/forge-admin,Issue,US-13: Account Registration,5,Done
2026-10-02,sprint1,7,Adventurer-s-Forge/forge-admin,Issue,US-22: Ingest Reference Content from External Source,5,Done
2026-10-02,sprint1,43,Adventurer-s-Forge/forge-admin,Issue,US-18 Task: Create New Character Object in Database and link to User's ID,,Done
2026-10-02,sprint1,79,Adventurer-s-Forge/forge-admin,Issue,US-13 Task: Create a New Account and Ensure that 1 Email Resolves to Exactly 1 Account,,Done
2026-10-02,sprint1,80,Adventurer-s-Forge/forge-admin,Issue,US-13 Task: Unit and System Testing,,Done
2026-10-02,sprint1,75,Adventurer-s-Forge/forge-admin,Issue,US-22 Task: Code Review,,Done
2026-10-02,sprint1,76,Adventurer-s-Forge/forge-admin,Issue,US-22 Task: Complete Test Suite & Green CI,,Done
2026-10-02,sprint1,2,Adventurer-s-Forge/forge-admin,Issue,US-34: Allow selection of character’s race,3,Done
2026-10-02,sprint1,81,Adventurer-s-Forge/forge-admin,Issue,US-13 Task: Code Review,,Done
2026-10-02,sprint1,77,Adventurer-s-Forge/forge-admin,Issue,US-22 Task: Deployment,,Done
2026-10-02,sprint1,82,Adventurer-s-Forge/forge-admin,Issue,US-13 Task: Integration,,Done
2026-10-02,sprint1,83,Adventurer-s-Forge/forge-admin,Issue,US-13 Task: Deployment,,Done
2026-10-02,sprint1,84,Adventurer-s-Forge/forge-admin,Issue,"US-13 Task: Ensure that Every Failure Path Returns a Specific, Actionable Message",,Done
2026-10-02,sprint1,20,Adventurer-s-Forge/forge-admin,Issue,US-15: Account Login,3,Done
2026-10-02,sprint1,49,Adventurer-s-Forge/forge-admin,Issue,US-15 Task: Ensure that all 3 Sign-In Methods Authenticate from a Clean Browser Session and Survives a Page Refresh,,Done
2026-10-02,sprint1,50,Adventurer-s-Forge/forge-admin,Issue,US-15 Task: Unit and System Testing,,Done
2026-10-02,sprint1,51,Adventurer-s-Forge/forge-admin,Issue,US-15 Task: Code Review,,Done
2026-10-02,sprint1,52,Adventurer-s-Forge/forge-admin,Issue,US-15 Task: Integration,,Done
2026-10-02,sprint1,53,Adventurer-s-Forge/forge-admin,Issue,US-15 Task: Deployment,,Done
2026-10-02,sprint1,60,Adventurer-s-Forge/forge-admin,Issue,US-15 Task: Ensure that Users with Lost Passwords can Regain Access Unaided,,Done
2026-10-02,sprint1,21,Adventurer-s-Forge/forge-admin,Issue,US-17: User Logout,2,Done
2026-10-02,sprint1,54,Adventurer-s-Forge/forge-admin,Issue,US-17 Task: End Session on Sign-out and Return User to the Login Screen,,Done
2026-10-02,sprint1,55,Adventurer-s-Forge/forge-admin,Issue,US-17 Task: Unit and System Testing,,Done
2026-10-02,sprint1,56,Adventurer-s-Forge/forge-admin,Issue,US-17 Task: Code Review,,Done
2026-10-02,sprint1,57,Adventurer-s-Forge/forge-admin,Issue,US-17 Task: Integration,,Done
2026-10-02,sprint1,58,Adventurer-s-Forge/forge-admin,Issue,US-17 Task: Deployment,,Done
2026-10-02,sprint1,59,Adventurer-s-Forge/forge-admin,Issue,US-17 Task: Report Failed Sign-outs to the User while Leaving the App Usable,,Done
2026-10-02,sprint1,1,Adventurer-s-Forge/forge-frontend,PullRequest,"Firebase auth: registration, login, and sign-out",,Done
2026-10-02,sprint2,23,Adventurer-s-Forge/forge-admin,Issue,US-1: Select Spells,3,Backlog
2026-10-02,,38,Adventurer-s-Forge/forge-admin,Issue,US-2: Calculate Spell Modifiers,3,Backlog
2026-10-02,,37,Adventurer-s-Forge/forge-admin,Issue,US-3: Calculate Ability Modifiers,3,Backlog
2026-10-02,,35,Adventurer-s-Forge/forge-admin,Issue,US-4: Calculate Saving Throws and Proficiency Bonus,3,Backlog
2026-10-02,,34,Adventurer-s-Forge/forge-admin,Issue,US-5: Calculate Skill Modifiers,3,Backlog
2026-10-02,sprint2,33,Adventurer-s-Forge/forge-admin,Issue,US-6: Select Skills,3,Backlog
2026-10-02,,32,Adventurer-s-Forge/forge-admin,Issue,US-7: Calculate Battle Abilities,3,Backlog
2026-10-02,,29,Adventurer-s-Forge/forge-admin,Issue,US-10: Calculate Health,2,Backlog
2026-10-02,,31,Adventurer-s-Forge/forge-admin,Issue,US-8: Calculate Attack Bonuses for Equipped Weapons,3,Backlog
2026-10-02,,28,Adventurer-s-Forge/forge-admin,Issue,US-11: Calculate New Hit Points Based on Entered Damage/Healing Points,1,Backlog
2026-10-02,,26,Adventurer-s-Forge/forge-admin,Issue,US-14: Registration Validation & Security Checks,2,Backlog
2026-10-02,sprint1,73,Adventurer-s-Forge/forge-admin,Issue,US-22 Task: Create Re-runnable Ingestion Script,,Done
2026-10-02,sprint2,25,Adventurer-s-Forge/forge-admin,Issue,US-16: Login Validation & Error Handling,2,Backlog
2026-10-02,,30,Adventurer-s-Forge/forge-admin,Issue,US-9: Automatically Populate Feats,5,Backlog
2026-10-02,,27,Adventurer-s-Forge/forge-admin,Issue,US-12: Display Descriptions of Character Attributes,2,Backlog
2026-10-02,sprint2,4,Adventurer-s-Forge/forge-admin,Issue,US-20: Allow selection of character’s equipment,3,Backlog
2026-10-02,sprint2,5,Adventurer-s-Forge/forge-admin,Issue,US-19: Character Saving & Persistence,5,Backlog
2026-10-02,,6,Adventurer-s-Forge/forge-admin,Issue,US-21: Allow Duplicating of the Character Sheet,2,Backlog
2026-10-02,,8,Adventurer-s-Forge/forge-admin,Issue,US-23: Display Content Attribution,3,Backlog
2026-10-02,,9,Adventurer-s-Forge/forge-admin,Issue,US-24: Search Reference Content,3,Backlog
2026-10-02,,10,Adventurer-s-Forge/forge-admin,Issue,US-25: Filter Search Result by Content Type,3,Backlog
2026-10-02,,11,Adventurer-s-Forge/forge-admin,Issue,US-26: Without Losing Character Progress,4,Backlog
2026-10-02,,12,Adventurer-s-Forge/forge-admin,Issue,US-27: Share a Character with Another Player,4,Backlog
2026-10-02,,13,Adventurer-s-Forge/forge-admin,Issue,US-28: View Characters Shared With Me,3,Backlog
2026-10-02,,14,Adventurer-s-Forge/forge-admin,Issue,US-29: Restrict Shared Characters to Read-Only,3,Backlog
2026-10-02,,15,Adventurer-s-Forge/forge-admin,Issue,US-30: Keep Characters Private by Default,2,Backlog
2026-10-02,,16,Adventurer-s-Forge/forge-admin,Issue,US-31: Revoke Character Sharing,3,Backlog
2026-10-02,,17,Adventurer-s-Forge/forge-admin,Issue,US-32: Export Character Sheet,2,Backlog
2026-10-02,,18,Adventurer-s-Forge/forge-admin,Issue,US-33: Produce Print-Ready Character Sheet Layout,5,Backlog
2026-10-02,sprint2,39,Adventurer-s-Forge/forge-admin,Issue,US-36: Allow Editing of the Character Sheet,2,Backlog
2026-10-02,sprint1,61,Adventurer-s-Forge/forge-admin,Issue,US-34 Task: Implementation,,Done
2026-10-02,sprint1,62,Adventurer-s-Forge/forge-admin,Issue,US-34 Task: Unit and System Testing,,Done
2026-10-02,sprint1,74,Adventurer-s-Forge/forge-admin,Issue,US-22 Task: Verify Data is Retrieved Exclusively from Redis at Runtime,,Done
2026-10-02,sprint1,78,Adventurer-s-Forge/forge-admin,Issue,US-22 Task: Documentation,,Done
2026-10-02,sprint1,63,Adventurer-s-Forge/forge-admin,Issue,US-34 Task: Code Review,,Done
2026-10-02,sprint1,27,Adventurer-s-Forge/forge-backend,PullRequest,Added CORS middleware with configurable allowed origins,,Done
2026-10-02,sprint1,2,Adventurer-s-Forge/forge-frontend,PullRequest,"App UI, character creation, and backend content integration",,In progress
2026-10-02,,86,Adventurer-s-Forge/forge-admin,Issue,US-37: Select Background,3,Backlog
2026-10-02,,87,Adventurer-s-Forge/forge-admin,Issue,US-38: Delete a Character,2,Backlog
2026-10-03,sprint1,66,Adventurer-s-Forge/forge-admin,Issue,US-34 Task: Documentation,,Done
2026-10-03,sprint1,64,Adventurer-s-Forge/forge-admin,Issue,US-34 Task: Integration,,Done
2026-10-03,sprint1,65,Adventurer-s-Forge/forge-admin,Issue,US-34 Task: Deployment,,Done
2026-10-03,sprint1,48,Adventurer-s-Forge/forge-admin,Issue,US-18 Task: Load User into Character Editor with Blank Character Sheet,,In review
2026-10-03,sprint1,69,Adventurer-s-Forge/forge-admin,Issue,US-35 Task: Code Review,,In review
2026-10-03,sprint1,3,Adventurer-s-Forge/forge-admin,Issue,US-35: Allow selection of character’s class,3,Done
2026-10-03,sprint1,22,Adventurer-s-Forge/forge-admin,Issue,US-18: Character Creation,5,In review
2026-10-03,sprint1,72,Adventurer-s-Forge/forge-admin,Issue,US-35 Task: Documentation,,In review
2026-10-03,sprint1,67,Adventurer-s-Forge/forge-admin,Issue,US-35 Task: Implementation,,In review
2026-10-03,sprint1,71,Adventurer-s-Forge/forge-admin,Issue,US-35 Task: Deployment,,Ready
2026-10-03,sprint1,47,Adventurer-s-Forge/forge-admin,Issue,US-18 Task: Deployment,,Ready
2026-10-03,sprint1,45,Adventurer-s-Forge/forge-admin,Issue,US-18 Task: Code Review,,Ready
2026-10-03,sprint1,44,Adventurer-s-Forge/forge-admin,Issue,US-18 Task: Unit and System Testing,,In progress
2026-10-03,sprint1,70,Adventurer-s-Forge/forge-admin,Issue,US-35 Task: Integration,,In progress
2026-10-03,sprint1,46,Adventurer-s-Forge/forge-admin,Issue,US-18 Task: Integration,,In progress
2026-10-03,sprint1,68,Adventurer-s-Forge/forge-admin,Issue,US-35 Task: Unit and System Testing,,In progress
2026-10-03,sprint1,19,Adventurer-s-Forge/forge-admin,Issue,US-13: Account Registration,5,Done
2026-10-03,sprint1,7,Adventurer-s-Forge/forge-admin,Issue,US-22: Ingest Reference Content from External Source,5,Done
2026-10-03,sprint1,43,Adventurer-s-Forge/forge-admin,Issue,US-18 Task: Create New Character Object in Database and link to User's ID,,Done
2026-10-03,sprint1,79,Adventurer-s-Forge/forge-admin,Issue,US-13 Task: Create a New Account and Ensure that 1 Email Resolves to Exactly 1 Account,,Done
2026-10-03,sprint1,80,Adventurer-s-Forge/forge-admin,Issue,US-13 Task: Unit and System Testing,,Done
2026-10-03,sprint1,75,Adventurer-s-Forge/forge-admin,Issue,US-22 Task: Code Review,,Done
2026-10-03,sprint1,76,Adventurer-s-Forge/forge-admin,Issue,US-22 Task: Complete Test Suite & Green CI,,Done
2026-10-03,sprint1,2,Adventurer-s-Forge/forge-admin,Issue,US-34: Allow selection of character’s race,3,Done
2026-10-03,sprint1,81,Adventurer-s-Forge/forge-admin,Issue,US-13 Task: Code Review,,Done
2026-10-03,sprint1,77,Adventurer-s-Forge/forge-admin,Issue,US-22 Task: Deployment,,Done
2026-10-03,sprint1,82,Adventurer-s-Forge/forge-admin,Issue,US-13 Task: Integration,,Done
2026-10-03,sprint1,83,Adventurer-s-Forge/forge-admin,Issue,US-13 Task: Deployment,,Done
2026-10-03,sprint1,84,Adventurer-s-Forge/forge-admin,Issue,"US-13 Task: Ensure that Every Failure Path Returns a Specific, Actionable Message",,Done
2026-10-03,sprint1,20,Adventurer-s-Forge/forge-admin,Issue,US-15: Account Login,3,Done
2026-10-03,sprint1,49,Adventurer-s-Forge/forge-admin,Issue,US-15 Task: Ensure that all 3 Sign-In Methods Authenticate from a Clean Browser Session and Survives a Page Refresh,,Done
2026-10-03,sprint1,50,Adventurer-s-Forge/forge-admin,Issue,US-15 Task: Unit and System Testing,,Done
2026-10-03,sprint1,51,Adventurer-s-Forge/forge-admin,Issue,US-15 Task: Code Review,,Done
2026-10-03,sprint1,52,Adventurer-s-Forge/forge-admin,Issue,US-15 Task: Integration,,Done
2026-10-03,sprint1,53,Adventurer-s-Forge/forge-admin,Issue,US-15 Task: Deployment,,Done
2026-10-03,sprint1,60,Adventurer-s-Forge/forge-admin,Issue,US-15 Task: Ensure that Users with Lost Passwords can Regain Access Unaided,,Done
2026-10-03,sprint1,21,Adventurer-s-Forge/forge-admin,Issue,US-17: User Logout,2,Done
2026-10-03,sprint1,54,Adventurer-s-Forge/forge-admin,Issue,US-17 Task: End Session on Sign-out and Return User to the Login Screen,,Done
2026-10-03,sprint1,55,Adventurer-s-Forge/forge-admin,Issue,US-17 Task: Unit and System Testing,,Done
2026-10-03,sprint1,56,Adventurer-s-Forge/forge-admin,Issue,US-17 Task: Code Review,,Done
2026-10-03,sprint1,57,Adventurer-s-Forge/forge-admin,Issue,US-17 Task: Integration,,Done
2026-10-03,sprint1,58,Adventurer-s-Forge/forge-admin,Issue,US-17 Task: Deployment,,Done
2026-10-03,sprint1,59,Adventurer-s-Forge/forge-admin,Issue,US-17 Task: Report Failed Sign-outs to the User while Leaving the App Usable,,Done
2026-10-03,sprint1,1,Adventurer-s-Forge/forge-frontend,PullRequest,"Firebase auth: registration, login, and sign-out",,Done
2026-10-03,sprint2,23,Adventurer-s-Forge/forge-admin,Issue,US-1: Select Spells,3,Backlog
2026-10-03,,38,Adventurer-s-Forge/forge-admin,Issue,US-2: Calculate Spell Modifiers,3,Backlog
2026-10-03,,37,Adventurer-s-Forge/forge-admin,Issue,US-3: Calculate Ability Modifiers,3,Backlog
2026-10-03,,35,Adventurer-s-Forge/forge-admin,Issue,US-4: Calculate Saving Throws and Proficiency Bonus,3,Backlog
2026-10-03,,34,Adventurer-s-Forge/forge-admin,Issue,US-5: Calculate Skill Modifiers,3,Backlog
2026-10-03,sprint2,33,Adventurer-s-Forge/forge-admin,Issue,US-6: Select Skills,3,Backlog
2026-10-03,,32,Adventurer-s-Forge/forge-admin,Issue,US-7: Calculate Battle Abilities,3,Backlog
2026-10-03,,29,Adventurer-s-Forge/forge-admin,Issue,US-10: Calculate Health,2,Backlog
2026-10-03,,31,Adventurer-s-Forge/forge-admin,Issue,US-8: Calculate Attack Bonuses for Equipped Weapons,3,Backlog
2026-10-03,,28,Adventurer-s-Forge/forge-admin,Issue,US-11: Calculate New Hit Points Based on Entered Damage/Healing Points,1,Backlog
2026-10-03,,26,Adventurer-s-Forge/forge-admin,Issue,US-14: Registration Validation & Security Checks,2,Backlog
2026-10-03,sprint1,73,Adventurer-s-Forge/forge-admin,Issue,US-22 Task: Create Re-runnable Ingestion Script,,Done
2026-10-03,sprint2,25,Adventurer-s-Forge/forge-admin,Issue,US-16: Login Validation & Error Handling,2,Backlog
2026-10-03,,30,Adventurer-s-Forge/forge-admin,Issue,US-9: Automatically Populate Feats,5,Backlog
2026-10-03,,27,Adventurer-s-Forge/forge-admin,Issue,US-12: Display Descriptions of Character Attributes,2,Backlog
2026-10-03,sprint2,4,Adventurer-s-Forge/forge-admin,Issue,US-20: Allow selection of character’s equipment,3,Backlog
2026-10-03,sprint2,5,Adventurer-s-Forge/forge-admin,Issue,US-19: Character Saving & Persistence,5,Backlog
2026-10-03,,6,Adventurer-s-Forge/forge-admin,Issue,US-21: Allow Duplicating of the Character Sheet,2,Backlog
2026-10-03,,8,Adventurer-s-Forge/forge-admin,Issue,US-23: Display Content Attribution,3,Backlog
2026-10-03,,9,Adventurer-s-Forge/forge-admin,Issue,US-24: Search Reference Content,3,Backlog
2026-10-03,,10,Adventurer-s-Forge/forge-admin,Issue,US-25: Filter Search Result by Content Type,3,Backlog
2026-10-03,,11,Adventurer-s-Forge/forge-admin,Issue,US-26: Without Losing Character Progress,4,Backlog
2026-10-03,,12,Adventurer-s-Forge/forge-admin,Issue,US-27: Share a Character with Another Player,4,Backlog
2026-10-03,,13,Adventurer-s-Forge/forge-admin,Issue,US-28: View Characters Shared With Me,3,Backlog
2026-10-03,,14,Adventurer-s-Forge/forge-admin,Issue,US-29: Restrict Shared Characters to Read-Only,3,Backlog
2026-10-03,,15,Adventurer-s-Forge/forge-admin,Issue,US-30: Keep Characters Private by Default,2,Backlog
2026-10-03,,16,Adventurer-s-Forge/forge-admin,Issue,US-31: Revoke Character Sharing,3,Backlog
2026-10-03,,17,Adventurer-s-Forge/forge-admin,Issue,US-32: Export Character Sheet,2,Backlog
2026-10-03,,18,Adventurer-s-Forge/forge-admin,Issue,US-33: Produce Print-Ready Character Sheet Layout,5,Backlog
2026-10-03,sprint2,39,Adventurer-s-Forge/forge-admin,Issue,US-36: Allow Editing of the Character Sheet,2,Backlog
2026-10-03,sprint1,61,Adventurer-s-Forge/forge-admin,Issue,US-34 Task: Implementation,,Done
2026-10-03,sprint1,62,Adventurer-s-Forge/forge-admin,Issue,US-34 Task: Unit and System Testing,,Done
2026-10-03,sprint1,74,Adventurer-s-Forge/forge-admin,Issue,US-22 Task: Verify Data is Retrieved Exclusively from Redis at Runtime,,Done
2026-10-03,sprint1,78,Adventurer-s-Forge/forge-admin,Issue,US-22 Task: Documentation,,Done
2026-10-03,sprint1,63,Adventurer-s-Forge/forge-admin,Issue,US-34 Task: Code Review,,Done
2026-10-03,sprint1,27,Adventurer-s-Forge/forge-backend,PullRequest,Added CORS middleware with configurable allowed origins,,Done
2026-10-03,sprint1,2,Adventurer-s-Forge/forge-frontend,PullRequest,"App UI, character creation, and backend content integration",,Done
2026-10-03,,86,Adventurer-s-Forge/forge-admin,Issue,US-37: Select Background,3,Backlog
2026-10-03,,87,Adventurer-s-Forge/forge-admin,Issue,US-38: Delete a Character,2,Backlog
2026-10-04,sprint2,90,Adventurer-s-Forge/forge-admin,Issue,US-6 Task: Any skills selected are saved to the character in the database,,In progress
2026-10-04,sprint2,33,Adventurer-s-Forge/forge-admin,Issue,US-6: Select Skills,3,In progress
2026-10-04,sprint2,103,Adventurer-s-Forge/forge-admin,Issue,"US-1 Task: In the backend, the endpoint returns all the spells when prompted",,In progress
2026-10-04,sprint2,104,Adventurer-s-Forge/forge-admin,Issue,US-1 Task: Unit tests cover at least 70% of code coverage.,,In progress
2026-10-04,sprint2,23,Adventurer-s-Forge/forge-admin,Issue,US-1: Select Spells,3,In progress
2026-10-04,sprint1,66,Adventurer-s-Forge/forge-admin,Issue,US-34 Task: Documentation,,Done
2026-10-04,sprint1,68,Adventurer-s-Forge/forge-admin,Issue,US-35 Task: Unit and System Testing,,Done
2026-10-04,sprint1,70,Adventurer-s-Forge/forge-admin,Issue,US-35 Task: Integration,,Done
2026-10-04,sprint1,69,Adventurer-s-Forge/forge-admin,Issue,US-35 Task: Code Review,,Done
2026-10-04,sprint1,71,Adventurer-s-Forge/forge-admin,Issue,US-35 Task: Deployment,,Done
2026-10-04,sprint1,72,Adventurer-s-Forge/forge-admin,Issue,US-35 Task: Documentation,,Done
2026-10-04,sprint1,64,Adventurer-s-Forge/forge-admin,Issue,US-34 Task: Integration,,Done
2026-10-04,sprint1,67,Adventurer-s-Forge/forge-admin,Issue,US-35 Task: Implementation,,Done
2026-10-04,sprint1,65,Adventurer-s-Forge/forge-admin,Issue,US-34 Task: Deployment,,Done
2026-10-04,sprint1,48,Adventurer-s-Forge/forge-admin,Issue,US-18 Task: Load User into Character Editor with Blank Character Sheet,,In review
2026-10-04,sprint1,3,Adventurer-s-Forge/forge-admin,Issue,US-35: Allow selection of character’s class,3,Done
2026-10-04,sprint1,22,Adventurer-s-Forge/forge-admin,Issue,US-18: Character Creation,5,Done
2026-10-04,sprint1,47,Adventurer-s-Forge/forge-admin,Issue,US-18 Task: Deployment,,Ready
2026-10-04,sprint1,45,Adventurer-s-Forge/forge-admin,Issue,US-18 Task: Code Review,,Ready
2026-10-04,sprint1,44,Adventurer-s-Forge/forge-admin,Issue,US-18 Task: Unit and System Testing,,In progress
2026-10-04,sprint1,46,Adventurer-s-Forge/forge-admin,Issue,US-18 Task: Integration,,In progress
2026-10-04,sprint1,19,Adventurer-s-Forge/forge-admin,Issue,US-13: Account Registration,5,Done
2026-10-04,sprint1,7,Adventurer-s-Forge/forge-admin,Issue,US-22: Ingest Reference Content from External Source,5,Done
2026-10-04,sprint1,43,Adventurer-s-Forge/forge-admin,Issue,US-18 Task: Create New Character Object in Database and link to User's ID,,Done
2026-10-04,sprint1,79,Adventurer-s-Forge/forge-admin,Issue,US-13 Task: Create a New Account and Ensure that 1 Email Resolves to Exactly 1 Account,,Done
2026-10-04,sprint1,80,Adventurer-s-Forge/forge-admin,Issue,US-13 Task: Unit and System Testing,,Done
2026-10-04,sprint1,75,Adventurer-s-Forge/forge-admin,Issue,US-22 Task: Code Review,,Done
2026-10-04,sprint1,76,Adventurer-s-Forge/forge-admin,Issue,US-22 Task: Complete Test Suite & Green CI,,Done
2026-10-04,sprint1,2,Adventurer-s-Forge/forge-admin,Issue,US-34: Allow selection of character’s race,3,Done
2026-10-04,sprint1,81,Adventurer-s-Forge/forge-admin,Issue,US-13 Task: Code Review,,Done
2026-10-04,sprint1,77,Adventurer-s-Forge/forge-admin,Issue,US-22 Task: Deployment,,Done
2026-10-04,sprint1,82,Adventurer-s-Forge/forge-admin,Issue,US-13 Task: Integration,,Done
2026-10-04,sprint1,83,Adventurer-s-Forge/forge-admin,Issue,US-13 Task: Deployment,,Done
2026-10-04,sprint1,84,Adventurer-s-Forge/forge-admin,Issue,"US-13 Task: Ensure that Every Failure Path Returns a Specific, Actionable Message",,Done
2026-10-04,sprint1,20,Adventurer-s-Forge/forge-admin,Issue,US-15: Account Login,3,Done
2026-10-04,sprint1,49,Adventurer-s-Forge/forge-admin,Issue,US-15 Task: Ensure that all 3 Sign-In Methods Authenticate from a Clean Browser Session and Survives a Page Refresh,,Done
2026-10-04,sprint1,50,Adventurer-s-Forge/forge-admin,Issue,US-15 Task: Unit and System Testing,,Done
2026-10-04,sprint1,51,Adventurer-s-Forge/forge-admin,Issue,US-15 Task: Code Review,,Done
2026-10-04,sprint1,52,Adventurer-s-Forge/forge-admin,Issue,US-15 Task: Integration,,Done
2026-10-04,sprint1,53,Adventurer-s-Forge/forge-admin,Issue,US-15 Task: Deployment,,Done
2026-10-04,sprint1,60,Adventurer-s-Forge/forge-admin,Issue,US-15 Task: Ensure that Users with Lost Passwords can Regain Access Unaided,,Done
2026-10-04,sprint1,21,Adventurer-s-Forge/forge-admin,Issue,US-17: User Logout,2,Done
2026-10-04,sprint1,54,Adventurer-s-Forge/forge-admin,Issue,US-17 Task: End Session on Sign-out and Return User to the Login Screen,,Done
2026-10-04,sprint1,55,Adventurer-s-Forge/forge-admin,Issue,US-17 Task: Unit and System Testing,,Done
2026-10-04,sprint1,56,Adventurer-s-Forge/forge-admin,Issue,US-17 Task: Code Review,,Done
2026-10-04,sprint1,57,Adventurer-s-Forge/forge-admin,Issue,US-17 Task: Integration,,Done
2026-10-04,sprint1,58,Adventurer-s-Forge/forge-admin,Issue,US-17 Task: Deployment,,Done
2026-10-04,sprint1,59,Adventurer-s-Forge/forge-admin,Issue,US-17 Task: Report Failed Sign-outs to the User while Leaving the App Usable,,Done
2026-10-04,sprint1,1,Adventurer-s-Forge/forge-frontend,PullRequest,"Firebase auth: registration, login, and sign-out",,Done
2026-10-04,,38,Adventurer-s-Forge/forge-admin,Issue,US-2: Calculate Spell Modifiers,3,Backlog
2026-10-04,,37,Adventurer-s-Forge/forge-admin,Issue,US-3: Calculate Ability Modifiers,3,Backlog
2026-10-04,,35,Adventurer-s-Forge/forge-admin,Issue,US-4: Calculate Saving Throws and Proficiency Bonus,3,Backlog
2026-10-04,,34,Adventurer-s-Forge/forge-admin,Issue,US-5: Calculate Skill Modifiers,3,Backlog
2026-10-04,,32,Adventurer-s-Forge/forge-admin,Issue,US-7: Calculate Battle Abilities,3,Backlog
2026-10-04,,29,Adventurer-s-Forge/forge-admin,Issue,US-10: Calculate Health,2,Backlog
2026-10-04,,31,Adventurer-s-Forge/forge-admin,Issue,US-8: Calculate Attack Bonuses for Equipped Weapons,3,Backlog
2026-10-04,,28,Adventurer-s-Forge/forge-admin,Issue,US-11: Calculate New Hit Points Based on Entered Damage/Healing Points,1,Backlog
2026-10-04,,26,Adventurer-s-Forge/forge-admin,Issue,US-14: Registration Validation & Security Checks,2,Backlog
2026-10-04,sprint1,73,Adventurer-s-Forge/forge-admin,Issue,US-22 Task: Create Re-runnable Ingestion Script,,Done
2026-10-04,sprint2,25,Adventurer-s-Forge/forge-admin,Issue,US-16: Login Validation & Error Handling,2,Backlog
2026-10-04,,30,Adventurer-s-Forge/forge-admin,Issue,US-9: Automatically Populate Feats,5,Backlog
2026-10-04,,27,Adventurer-s-Forge/forge-admin,Issue,US-12: Display Descriptions of Character Attributes,2,Backlog
2026-10-04,sprint2,4,Adventurer-s-Forge/forge-admin,Issue,US-20: Allow selection of character’s equipment,3,Backlog
2026-10-04,sprint2,5,Adventurer-s-Forge/forge-admin,Issue,US-19: Character Saving & Persistence,5,Backlog
2026-10-04,,6,Adventurer-s-Forge/forge-admin,Issue,US-21: Allow Duplicating of the Character Sheet,2,Backlog
2026-10-04,,8,Adventurer-s-Forge/forge-admin,Issue,US-23: Display Content Attribution,3,Backlog
2026-10-04,,9,Adventurer-s-Forge/forge-admin,Issue,US-24: Search Reference Content,3,Backlog
2026-10-04,,10,Adventurer-s-Forge/forge-admin,Issue,US-25: Filter Search Result by Content Type,3,Backlog
2026-10-04,,11,Adventurer-s-Forge/forge-admin,Issue,US-26: Without Losing Character Progress,4,Backlog
2026-10-04,,12,Adventurer-s-Forge/forge-admin,Issue,US-27: Share a Character with Another Player,4,Backlog
2026-10-04,,13,Adventurer-s-Forge/forge-admin,Issue,US-28: View Characters Shared With Me,3,Backlog
2026-10-04,,14,Adventurer-s-Forge/forge-admin,Issue,US-29: Restrict Shared Characters to Read-Only,3,Backlog
2026-10-04,,15,Adventurer-s-Forge/forge-admin,Issue,US-30: Keep Characters Private by Default,2,Backlog
2026-10-04,,16,Adventurer-s-Forge/forge-admin,Issue,US-31: Revoke Character Sharing,3,Backlog
2026-10-04,,17,Adventurer-s-Forge/forge-admin,Issue,US-32: Export Character Sheet,2,Backlog
2026-10-04,,18,Adventurer-s-Forge/forge-admin,Issue,US-33: Produce Print-Ready Character Sheet Layout,5,Backlog
2026-10-04,sprint2,39,Adventurer-s-Forge/forge-admin,Issue,US-36: Allow Editing of the Character Sheet,2,Backlog
2026-10-04,sprint1,61,Adventurer-s-Forge/forge-admin,Issue,US-34 Task: Implementation,,Done
2026-10-04,sprint1,62,Adventurer-s-Forge/forge-admin,Issue,US-34 Task: Unit and System Testing,,Done
2026-10-04,sprint1,74,Adventurer-s-Forge/forge-admin,Issue,US-22 Task: Verify Data is Retrieved Exclusively from Redis at Runtime,,Done
2026-10-04,sprint1,78,Adventurer-s-Forge/forge-admin,Issue,US-22 Task: Documentation,,Done
2026-10-04,sprint1,63,Adventurer-s-Forge/forge-admin,Issue,US-34 Task: Code Review,,Done
2026-10-04,sprint1,27,Adventurer-s-Forge/forge-backend,PullRequest,Added CORS middleware with configurable allowed origins,,Done
2026-10-04,sprint1,2,Adventurer-s-Forge/forge-frontend,PullRequest,"App UI, character creation, and backend content integration",,Done
2026-10-04,,86,Adventurer-s-Forge/forge-admin,Issue,US-37: Select Background,3,Backlog
2026-10-04,,87,Adventurer-s-Forge/forge-admin,Issue,US-38: Delete a Character,2,Backlog
2026-10-04,sprint2,88,Adventurer-s-Forge/forge-admin,Issue,US-6 Task: The frontend filters and displays the skills to the user to choose,,Backlog
2026-10-04,sprint2,89,Adventurer-s-Forge/forge-admin,Issue,US-6 Task: The selected skills take into account any proficiencies or expertises that the character has,,Backlog
2026-10-04,sprint2,91,Adventurer-s-Forge/forge-admin,Issue,US-6: Automated tests pass,,Backlog
2026-10-04,sprint2,92,Adventurer-s-Forge/forge-admin,Issue,US-6: Code is integrated,,Backlog
2026-10-04,sprint2,93,Adventurer-s-Forge/forge-admin,Issue,US-16 Task: A failed sign-in displays “Invalid email or password”,,Backlog
2026-10-04,sprint2,94,Adventurer-s-Forge/forge-admin,Issue,US-16 Task: The user can recover without friction,,Backlog
2026-10-04,sprint2,95,Adventurer-s-Forge/forge-admin,Issue,US-16 Task: Automated tests pass,,Backlog
2026-10-04,sprint2,96,Adventurer-s-Forge/forge-admin,Issue,US-16 Task: Code is integrated,,Backlog
2026-10-04,sprint2,97,Adventurer-s-Forge/forge-admin,Issue,US-36 Task: The frontend allows the user to edit their character,,Backlog
2026-10-04,sprint2,98,Adventurer-s-Forge/forge-admin,Issue,US-36 Task: Any edits are saved to the character in the database,,Backlog
2026-10-04,sprint2,99,Adventurer-s-Forge/forge-admin,Issue,US-36 Task: Automated integration testing is conducted and passes successfully,,Backlog
2026-10-04,sprint2,100,Adventurer-s-Forge/forge-admin,Issue,US-36 Task: Code changes are documented in the tickets,,Backlog
2026-10-04,sprint2,101,Adventurer-s-Forge/forge-admin,Issue,US-1 Task: The frontend reaches out to the spells API only if the character’s class is a Spellcasting class,,Backlog
2026-10-04,sprint2,102,Adventurer-s-Forge/forge-admin,Issue,US-1 Task: Any spells selected are saved to the character in the database,,Backlog
2026-10-05,sprint2,90,Adventurer-s-Forge/forge-admin,Issue,US-6 Task: Any skills selected are saved to the character in the database,,In progress
2026-10-05,sprint2,33,Adventurer-s-Forge/forge-admin,Issue,US-6: Select Skills,3,In progress
2026-10-05,sprint2,103,Adventurer-s-Forge/forge-admin,Issue,"US-1 Task: In the backend, the endpoint returns all the spells when prompted",,In progress
2026-10-05,sprint2,104,Adventurer-s-Forge/forge-admin,Issue,US-1 Task: Unit tests cover at least 70% of code coverage.,,In progress
2026-10-05,sprint2,23,Adventurer-s-Forge/forge-admin,Issue,US-1: Select Spells,3,In progress
2026-10-05,sprint1,66,Adventurer-s-Forge/forge-admin,Issue,US-34 Task: Documentation,,Done
2026-10-05,sprint1,68,Adventurer-s-Forge/forge-admin,Issue,US-35 Task: Unit and System Testing,,Done
2026-10-05,sprint1,70,Adventurer-s-Forge/forge-admin,Issue,US-35 Task: Integration,,Done
2026-10-05,sprint1,69,Adventurer-s-Forge/forge-admin,Issue,US-35 Task: Code Review,,Done
2026-10-05,sprint1,71,Adventurer-s-Forge/forge-admin,Issue,US-35 Task: Deployment,,Done
2026-10-05,sprint1,72,Adventurer-s-Forge/forge-admin,Issue,US-35 Task: Documentation,,Done
2026-10-05,sprint1,64,Adventurer-s-Forge/forge-admin,Issue,US-34 Task: Integration,,Done
2026-10-05,sprint1,67,Adventurer-s-Forge/forge-admin,Issue,US-35 Task: Implementation,,Done
2026-10-05,sprint1,65,Adventurer-s-Forge/forge-admin,Issue,US-34 Task: Deployment,,Done
2026-10-05,sprint1,48,Adventurer-s-Forge/forge-admin,Issue,US-18 Task: Load User into Character Editor with Blank Character Sheet,,In review
2026-10-05,sprint1,3,Adventurer-s-Forge/forge-admin,Issue,US-35: Allow selection of character’s class,3,Done
2026-10-05,sprint1,22,Adventurer-s-Forge/forge-admin,Issue,US-18: Character Creation,5,Done
2026-10-05,sprint1,47,Adventurer-s-Forge/forge-admin,Issue,US-18 Task: Deployment,,Ready
2026-10-05,sprint1,45,Adventurer-s-Forge/forge-admin,Issue,US-18 Task: Code Review,,Ready
2026-10-05,sprint1,44,Adventurer-s-Forge/forge-admin,Issue,US-18 Task: Unit and System Testing,,In progress
2026-10-05,sprint1,46,Adventurer-s-Forge/forge-admin,Issue,US-18 Task: Integration,,In progress
2026-10-05,sprint1,19,Adventurer-s-Forge/forge-admin,Issue,US-13: Account Registration,5,Done
2026-10-05,sprint1,7,Adventurer-s-Forge/forge-admin,Issue,US-22: Ingest Reference Content from External Source,5,Done
2026-10-05,sprint1,43,Adventurer-s-Forge/forge-admin,Issue,US-18 Task: Create New Character Object in Database and link to User's ID,,Done
2026-10-05,sprint1,79,Adventurer-s-Forge/forge-admin,Issue,US-13 Task: Create a New Account and Ensure that 1 Email Resolves to Exactly 1 Account,,Done
2026-10-05,sprint1,80,Adventurer-s-Forge/forge-admin,Issue,US-13 Task: Unit and System Testing,,Done
2026-10-05,sprint1,75,Adventurer-s-Forge/forge-admin,Issue,US-22 Task: Code Review,,Done
2026-10-05,sprint1,76,Adventurer-s-Forge/forge-admin,Issue,US-22 Task: Complete Test Suite & Green CI,,Done
2026-10-05,sprint1,2,Adventurer-s-Forge/forge-admin,Issue,US-34: Allow selection of character’s race,3,Done
2026-10-05,sprint1,81,Adventurer-s-Forge/forge-admin,Issue,US-13 Task: Code Review,,Done
2026-10-05,sprint1,77,Adventurer-s-Forge/forge-admin,Issue,US-22 Task: Deployment,,Done
2026-10-05,sprint1,82,Adventurer-s-Forge/forge-admin,Issue,US-13 Task: Integration,,Done
2026-10-05,sprint1,83,Adventurer-s-Forge/forge-admin,Issue,US-13 Task: Deployment,,Done
2026-10-05,sprint1,84,Adventurer-s-Forge/forge-admin,Issue,"US-13 Task: Ensure that Every Failure Path Returns a Specific, Actionable Message",,Done
2026-10-05,sprint1,20,Adventurer-s-Forge/forge-admin,Issue,US-15: Account Login,3,Done
2026-10-05,sprint1,49,Adventurer-s-Forge/forge-admin,Issue,US-15 Task: Ensure that all 3 Sign-In Methods Authenticate from a Clean Browser Session and Survives a Page Refresh,,Done
2026-10-05,sprint1,50,Adventurer-s-Forge/forge-admin,Issue,US-15 Task: Unit and System Testing,,Done
2026-10-05,sprint1,51,Adventurer-s-Forge/forge-admin,Issue,US-15 Task: Code Review,,Done
2026-10-05,sprint1,52,Adventurer-s-Forge/forge-admin,Issue,US-15 Task: Integration,,Done
2026-10-05,sprint1,53,Adventurer-s-Forge/forge-admin,Issue,US-15 Task: Deployment,,Done
2026-10-05,sprint1,60,Adventurer-s-Forge/forge-admin,Issue,US-15 Task: Ensure that Users with Lost Passwords can Regain Access Unaided,,Done
2026-10-05,sprint1,21,Adventurer-s-Forge/forge-admin,Issue,US-17: User Logout,2,Done
2026-10-05,sprint1,54,Adventurer-s-Forge/forge-admin,Issue,US-17 Task: End Session on Sign-out and Return User to the Login Screen,,Done
2026-10-05,sprint1,55,Adventurer-s-Forge/forge-admin,Issue,US-17 Task: Unit and System Testing,,Done
2026-10-05,sprint1,56,Adventurer-s-Forge/forge-admin,Issue,US-17 Task: Code Review,,Done
2026-10-05,sprint1,57,Adventurer-s-Forge/forge-admin,Issue,US-17 Task: Integration,,Done
2026-10-05,sprint1,58,Adventurer-s-Forge/forge-admin,Issue,US-17 Task: Deployment,,Done
2026-10-05,sprint1,59,Adventurer-s-Forge/forge-admin,Issue,US-17 Task: Report Failed Sign-outs to the User while Leaving the App Usable,,Done
2026-10-05,sprint1,1,Adventurer-s-Forge/forge-frontend,PullRequest,"Firebase auth: registration, login, and sign-out",,Done
2026-10-05,,38,Adventurer-s-Forge/forge-admin,Issue,US-2: Calculate Spell Modifiers,3,Backlog
2026-10-05,,37,Adventurer-s-Forge/forge-admin,Issue,US-3: Calculate Ability Modifiers,3,Backlog
2026-10-05,,35,Adventurer-s-Forge/forge-admin,Issue,US-4: Calculate Saving Throws and Proficiency Bonus,3,Backlog
2026-10-05,,34,Adventurer-s-Forge/forge-admin,Issue,US-5: Calculate Skill Modifiers,3,Backlog
2026-10-05,,32,Adventurer-s-Forge/forge-admin,Issue,US-7: Calculate Battle Abilities,3,Backlog
2026-10-05,,29,Adventurer-s-Forge/forge-admin,Issue,US-10: Calculate Health,2,Backlog
2026-10-05,,31,Adventurer-s-Forge/forge-admin,Issue,US-8: Calculate Attack Bonuses for Equipped Weapons,3,Backlog
2026-10-05,,28,Adventurer-s-Forge/forge-admin,Issue,US-11: Calculate New Hit Points Based on Entered Damage/Healing Points,1,Backlog
2026-10-05,,26,Adventurer-s-Forge/forge-admin,Issue,US-14: Registration Validation & Security Checks,2,Backlog
2026-10-05,sprint1,73,Adventurer-s-Forge/forge-admin,Issue,US-22 Task: Create Re-runnable Ingestion Script,,Done
2026-10-05,sprint2,25,Adventurer-s-Forge/forge-admin,Issue,US-16: Login Validation & Error Handling,2,Backlog
2026-10-05,,30,Adventurer-s-Forge/forge-admin,Issue,US-9: Automatically Populate Feats,5,Backlog
2026-10-05,,27,Adventurer-s-Forge/forge-admin,Issue,US-12: Display Descriptions of Character Attributes,2,Backlog
2026-10-05,sprint2,4,Adventurer-s-Forge/forge-admin,Issue,US-20: Allow selection of character’s equipment,3,Backlog
2026-10-05,sprint2,5,Adventurer-s-Forge/forge-admin,Issue,US-19: Character Saving & Persistence,5,Backlog
2026-10-05,,6,Adventurer-s-Forge/forge-admin,Issue,US-21: Allow Duplicating of the Character Sheet,2,Backlog
2026-10-05,,8,Adventurer-s-Forge/forge-admin,Issue,US-23: Display Content Attribution,3,Backlog
2026-10-05,,9,Adventurer-s-Forge/forge-admin,Issue,US-24: Search Reference Content,3,Backlog
2026-10-05,,10,Adventurer-s-Forge/forge-admin,Issue,US-25: Filter Search Result by Content Type,3,Backlog
2026-10-05,,11,Adventurer-s-Forge/forge-admin,Issue,US-26: Without Losing Character Progress,4,Backlog
2026-10-05,,12,Adventurer-s-Forge/forge-admin,Issue,US-27: Share a Character with Another Player,4,Backlog
2026-10-05,,13,Adventurer-s-Forge/forge-admin,Issue,US-28: View Characters Shared With Me,3,Backlog
2026-10-05,,14,Adventurer-s-Forge/forge-admin,Issue,US-29: Restrict Shared Characters to Read-Only,3,Backlog
2026-10-05,,15,Adventurer-s-Forge/forge-admin,Issue,US-30: Keep Characters Private by Default,2,Backlog
2026-10-05,,16,Adventurer-s-Forge/forge-admin,Issue,US-31: Revoke Character Sharing,3,Backlog
2026-10-05,,17,Adventurer-s-Forge/forge-admin,Issue,US-32: Export Character Sheet,2,Backlog
2026-10-05,,18,Adventurer-s-Forge/forge-admin,Issue,US-33: Produce Print-Ready Character Sheet Layout,5,Backlog
2026-10-05,sprint2,39,Adventurer-s-Forge/forge-admin,Issue,US-36: Allow Editing of the Character Sheet,2,Backlog
2026-10-05,sprint1,61,Adventurer-s-Forge/forge-admin,Issue,US-34 Task: Implementation,,Done
2026-10-05,sprint1,62,Adventurer-s-Forge/forge-admin,Issue,US-34 Task: Unit and System Testing,,Done
2026-10-05,sprint1,74,Adventurer-s-Forge/forge-admin,Issue,US-22 Task: Verify Data is Retrieved Exclusively from Redis at Runtime,,Done
2026-10-05,sprint1,78,Adventurer-s-Forge/forge-admin,Issue,US-22 Task: Documentation,,Done
2026-10-05,sprint1,63,Adventurer-s-Forge/forge-admin,Issue,US-34 Task: Code Review,,Done
2026-10-05,sprint1,27,Adventurer-s-Forge/forge-backend,PullRequest,Added CORS middleware with configurable allowed origins,,Done
2026-10-05,sprint1,2,Adventurer-s-Forge/forge-frontend,PullRequest,"App UI, character creation, and backend content integration",,Done
2026-10-05,,86,Adventurer-s-Forge/forge-admin,Issue,US-37: Select Background,3,Backlog
2026-10-05,,87,Adventurer-s-Forge/forge-admin,Issue,US-38: Delete a Character,2,Backlog
2026-10-05,sprint2,88,Adventurer-s-Forge/forge-admin,Issue,US-6 Task: The frontend filters and displays the skills to the user to choose,,Backlog
2026-10-05,sprint2,89,Adventurer-s-Forge/forge-admin,Issue,US-6 Task: The selected skills take into account any proficiencies or expertises that the character has,,Backlog
2026-10-05,sprint2,91,Adventurer-s-Forge/forge-admin,Issue,US-6: Automated tests pass,,Backlog
2026-10-05,sprint2,92,Adventurer-s-Forge/forge-admin,Issue,US-6: Code is integrated,,Backlog
2026-10-05,sprint2,93,Adventurer-s-Forge/forge-admin,Issue,US-16 Task: A failed sign-in displays “Invalid email or password”,,Backlog
2026-10-05,sprint2,94,Adventurer-s-Forge/forge-admin,Issue,US-16 Task: The user can recover without friction,,Backlog
2026-10-05,sprint2,95,Adventurer-s-Forge/forge-admin,Issue,US-16 Task: Automated tests pass,,Backlog
2026-10-05,sprint2,96,Adventurer-s-Forge/forge-admin,Issue,US-16 Task: Code is integrated,,Backlog
2026-10-05,sprint2,97,Adventurer-s-Forge/forge-admin,Issue,US-36 Task: The frontend allows the user to edit their character,,Backlog
2026-10-05,sprint2,98,Adventurer-s-Forge/forge-admin,Issue,US-36 Task: Any edits are saved to the character in the database,,Backlog
2026-10-05,sprint2,99,Adventurer-s-Forge/forge-admin,Issue,US-36 Task: Automated integration testing is conducted and passes successfully,,Backlog
2026-10-05,sprint2,100,Adventurer-s-Forge/forge-admin,Issue,US-36 Task: Code changes are documented in the tickets,,Backlog
2026-10-05,sprint2,101,Adventurer-s-Forge/forge-admin,Issue,US-1 Task: The frontend reaches out to the spells API only if the character’s class is a Spellcasting class,,Backlog
2026-10-05,sprint2,102,Adventurer-s-Forge/forge-admin,Issue,US-1 Task: Any spells selected are saved to the character in the database,,Backlog
2026-10-05,sprint2,105,Adventurer-s-Forge/forge-admin,Issue,Selected spells are saved in the database and associated with the correct character.,,In progress
2026-10-05,sprint2,106,Adventurer-s-Forge/forge-admin,Issue,US-19 Task: Redis database is reloaded from the data directory after restart,,Backlog
2026-10-05,sprint2,107,Adventurer-s-Forge/forge-admin,Issue,US-19 Task: Backend endpoints are developed to save and retrieve a whole character at once,,Backlog
2026-10-05,sprint2,108,Adventurer-s-Forge/forge-admin,Issue,US-19 Task: Automated tests pass,,Backlog
2026-10-05,sprint2,109,Adventurer-s-Forge/forge-admin,Issue,US-19 Task: Code is integrated,,Backlog
2026-10-06,sprint2,90,Adventurer-s-Forge/forge-admin,Issue,US-6 Task: Any skills selected are saved to the character in the database,,In progress
2026-10-06,sprint2,33,Adventurer-s-Forge/forge-admin,Issue,US-6: Select Skills,3,In progress
2026-10-06,sprint2,103,Adventurer-s-Forge/forge-admin,Issue,"US-1 Task: In the backend, the endpoint returns all the spells when prompted",,In progress
2026-10-06,sprint2,104,Adventurer-s-Forge/forge-admin,Issue,US-1 Task: Unit tests cover at least 70% of code coverage.,,In progress
2026-10-06,sprint2,23,Adventurer-s-Forge/forge-admin,Issue,US-1: Select Spells,3,In progress
2026-10-06,sprint1,66,Adventurer-s-Forge/forge-admin,Issue,US-34 Task: Documentation,,Done
2026-10-06,sprint1,68,Adventurer-s-Forge/forge-admin,Issue,US-35 Task: Unit and System Testing,,Done
2026-10-06,sprint1,70,Adventurer-s-Forge/forge-admin,Issue,US-35 Task: Integration,,Done
2026-10-06,sprint1,69,Adventurer-s-Forge/forge-admin,Issue,US-35 Task: Code Review,,Done
2026-10-06,sprint1,71,Adventurer-s-Forge/forge-admin,Issue,US-35 Task: Deployment,,Done
2026-10-06,sprint1,72,Adventurer-s-Forge/forge-admin,Issue,US-35 Task: Documentation,,Done
2026-10-06,sprint1,64,Adventurer-s-Forge/forge-admin,Issue,US-34 Task: Integration,,Done
2026-10-06,sprint1,67,Adventurer-s-Forge/forge-admin,Issue,US-35 Task: Implementation,,Done
2026-10-06,sprint1,65,Adventurer-s-Forge/forge-admin,Issue,US-34 Task: Deployment,,Done
2026-10-06,sprint1,48,Adventurer-s-Forge/forge-admin,Issue,US-18 Task: Load User into Character Editor with Blank Character Sheet,,In review
2026-10-06,sprint1,3,Adventurer-s-Forge/forge-admin,Issue,US-35: Allow selection of character’s class,3,Done
2026-10-06,sprint1,22,Adventurer-s-Forge/forge-admin,Issue,US-18: Character Creation,5,Done
2026-10-06,sprint1,47,Adventurer-s-Forge/forge-admin,Issue,US-18 Task: Deployment,,Ready
2026-10-06,sprint1,45,Adventurer-s-Forge/forge-admin,Issue,US-18 Task: Code Review,,Ready
2026-10-06,sprint1,44,Adventurer-s-Forge/forge-admin,Issue,US-18 Task: Unit and System Testing,,In progress
2026-10-06,sprint1,46,Adventurer-s-Forge/forge-admin,Issue,US-18 Task: Integration,,In progress
2026-10-06,sprint1,19,Adventurer-s-Forge/forge-admin,Issue,US-13: Account Registration,5,Done
2026-10-06,sprint1,7,Adventurer-s-Forge/forge-admin,Issue,US-22: Ingest Reference Content from External Source,5,Done
2026-10-06,sprint1,43,Adventurer-s-Forge/forge-admin,Issue,US-18 Task: Create New Character Object in Database and link to User's ID,,Done
2026-10-06,sprint1,79,Adventurer-s-Forge/forge-admin,Issue,US-13 Task: Create a New Account and Ensure that 1 Email Resolves to Exactly 1 Account,,Done
2026-10-06,sprint1,80,Adventurer-s-Forge/forge-admin,Issue,US-13 Task: Unit and System Testing,,Done
2026-10-06,sprint1,75,Adventurer-s-Forge/forge-admin,Issue,US-22 Task: Code Review,,Done
2026-10-06,sprint1,76,Adventurer-s-Forge/forge-admin,Issue,US-22 Task: Complete Test Suite & Green CI,,Done
2026-10-06,sprint1,2,Adventurer-s-Forge/forge-admin,Issue,US-34: Allow selection of character’s race,3,Done
2026-10-06,sprint1,81,Adventurer-s-Forge/forge-admin,Issue,US-13 Task: Code Review,,Done
2026-10-06,sprint1,77,Adventurer-s-Forge/forge-admin,Issue,US-22 Task: Deployment,,Done
2026-10-06,sprint1,82,Adventurer-s-Forge/forge-admin,Issue,US-13 Task: Integration,,Done
2026-10-06,sprint1,83,Adventurer-s-Forge/forge-admin,Issue,US-13 Task: Deployment,,Done
2026-10-06,sprint1,84,Adventurer-s-Forge/forge-admin,Issue,"US-13 Task: Ensure that Every Failure Path Returns a Specific, Actionable Message",,Done
2026-10-06,sprint1,20,Adventurer-s-Forge/forge-admin,Issue,US-15: Account Login,3,Done
2026-10-06,sprint1,49,Adventurer-s-Forge/forge-admin,Issue,US-15 Task: Ensure that all 3 Sign-In Methods Authenticate from a Clean Browser Session and Survives a Page Refresh,,Done
2026-10-06,sprint1,50,Adventurer-s-Forge/forge-admin,Issue,US-15 Task: Unit and System Testing,,Done
2026-10-06,sprint1,51,Adventurer-s-Forge/forge-admin,Issue,US-15 Task: Code Review,,Done
2026-10-06,sprint1,52,Adventurer-s-Forge/forge-admin,Issue,US-15 Task: Integration,,Done
2026-10-06,sprint1,53,Adventurer-s-Forge/forge-admin,Issue,US-15 Task: Deployment,,Done
2026-10-06,sprint1,60,Adventurer-s-Forge/forge-admin,Issue,US-15 Task: Ensure that Users with Lost Passwords can Regain Access Unaided,,Done
2026-10-06,sprint1,21,Adventurer-s-Forge/forge-admin,Issue,US-17: User Logout,2,Done
2026-10-06,sprint1,54,Adventurer-s-Forge/forge-admin,Issue,US-17 Task: End Session on Sign-out and Return User to the Login Screen,,Done
2026-10-06,sprint1,55,Adventurer-s-Forge/forge-admin,Issue,US-17 Task: Unit and System Testing,,Done
2026-10-06,sprint1,56,Adventurer-s-Forge/forge-admin,Issue,US-17 Task: Code Review,,Done
2026-10-06,sprint1,57,Adventurer-s-Forge/forge-admin,Issue,US-17 Task: Integration,,Done
2026-10-06,sprint1,58,Adventurer-s-Forge/forge-admin,Issue,US-17 Task: Deployment,,Done
2026-10-06,sprint1,59,Adventurer-s-Forge/forge-admin,Issue,US-17 Task: Report Failed Sign-outs to the User while Leaving the App Usable,,Done
2026-10-06,sprint1,1,Adventurer-s-Forge/forge-frontend,PullRequest,"Firebase auth: registration, login, and sign-out",,Done
2026-10-06,,38,Adventurer-s-Forge/forge-admin,Issue,US-2: Calculate Spell Modifiers,3,Backlog
2026-10-06,,37,Adventurer-s-Forge/forge-admin,Issue,US-3: Calculate Ability Modifiers,3,Backlog
2026-10-06,,35,Adventurer-s-Forge/forge-admin,Issue,US-4: Calculate Saving Throws and Proficiency Bonus,3,Backlog
2026-10-06,,34,Adventurer-s-Forge/forge-admin,Issue,US-5: Calculate Skill Modifiers,3,Backlog
2026-10-06,,32,Adventurer-s-Forge/forge-admin,Issue,US-7: Calculate Battle Abilities,3,Backlog
2026-10-06,,29,Adventurer-s-Forge/forge-admin,Issue,US-10: Calculate Health,2,Backlog
2026-10-06,,31,Adventurer-s-Forge/forge-admin,Issue,US-8: Calculate Attack Bonuses for Equipped Weapons,3,Backlog
2026-10-06,,28,Adventurer-s-Forge/forge-admin,Issue,US-11: Calculate New Hit Points Based on Entered Damage/Healing Points,1,Backlog
2026-10-06,,26,Adventurer-s-Forge/forge-admin,Issue,US-14: Registration Validation & Security Checks,2,Backlog
2026-10-06,sprint1,73,Adventurer-s-Forge/forge-admin,Issue,US-22 Task: Create Re-runnable Ingestion Script,,Done
2026-10-06,sprint2,25,Adventurer-s-Forge/forge-admin,Issue,US-16: Login Validation & Error Handling,2,Backlog
2026-10-06,,30,Adventurer-s-Forge/forge-admin,Issue,US-9: Automatically Populate Feats,5,Backlog
2026-10-06,,27,Adventurer-s-Forge/forge-admin,Issue,US-12: Display Descriptions of Character Attributes,2,Backlog
2026-10-06,sprint2,4,Adventurer-s-Forge/forge-admin,Issue,US-20: Allow selection of character’s equipment,3,Backlog
2026-10-06,sprint2,5,Adventurer-s-Forge/forge-admin,Issue,US-19: Character Saving & Persistence,5,Backlog
2026-10-06,,6,Adventurer-s-Forge/forge-admin,Issue,US-21: Allow Duplicating of the Character Sheet,2,Backlog
2026-10-06,,8,Adventurer-s-Forge/forge-admin,Issue,US-23: Display Content Attribution,3,Backlog
2026-10-06,,9,Adventurer-s-Forge/forge-admin,Issue,US-24: Search Reference Content,3,Backlog
2026-10-06,,10,Adventurer-s-Forge/forge-admin,Issue,US-25: Filter Search Result by Content Type,3,Backlog
2026-10-06,,11,Adventurer-s-Forge/forge-admin,Issue,US-26: Without Losing Character Progress,4,Backlog
2026-10-06,,12,Adventurer-s-Forge/forge-admin,Issue,US-27: Share a Character with Another Player,4,Backlog
2026-10-06,,13,Adventurer-s-Forge/forge-admin,Issue,US-28: View Characters Shared With Me,3,Backlog
2026-10-06,,14,Adventurer-s-Forge/forge-admin,Issue,US-29: Restrict Shared Characters to Read-Only,3,Backlog
2026-10-06,,15,Adventurer-s-Forge/forge-admin,Issue,US-30: Keep Characters Private by Default,2,Backlog
2026-10-06,,16,Adventurer-s-Forge/forge-admin,Issue,US-31: Revoke Character Sharing,3,Backlog
2026-10-06,,17,Adventurer-s-Forge/forge-admin,Issue,US-32: Export Character Sheet,2,Backlog
2026-10-06,,18,Adventurer-s-Forge/forge-admin,Issue,US-33: Produce Print-Ready Character Sheet Layout,5,Backlog
2026-10-06,sprint2,39,Adventurer-s-Forge/forge-admin,Issue,US-36: Allow Editing of the Character Sheet,2,Backlog
2026-10-06,sprint1,61,Adventurer-s-Forge/forge-admin,Issue,US-34 Task: Implementation,,Done
2026-10-06,sprint1,62,Adventurer-s-Forge/forge-admin,Issue,US-34 Task: Unit and System Testing,,Done
2026-10-06,sprint1,74,Adventurer-s-Forge/forge-admin,Issue,US-22 Task: Verify Data is Retrieved Exclusively from Redis at Runtime,,Done
2026-10-06,sprint1,78,Adventurer-s-Forge/forge-admin,Issue,US-22 Task: Documentation,,Done
2026-10-06,sprint1,63,Adventurer-s-Forge/forge-admin,Issue,US-34 Task: Code Review,,Done
2026-10-06,sprint1,27,Adventurer-s-Forge/forge-backend,PullRequest,Added CORS middleware with configurable allowed origins,,Done
2026-10-06,sprint1,2,Adventurer-s-Forge/forge-frontend,PullRequest,"App UI, character creation, and backend content integration",,Done
2026-10-06,,86,Adventurer-s-Forge/forge-admin,Issue,US-37: Select Background,3,Backlog
2026-10-06,,87,Adventurer-s-Forge/forge-admin,Issue,US-38: Delete a Character,2,Backlog
2026-10-06,sprint2,88,Adventurer-s-Forge/forge-admin,Issue,US-6 Task: The frontend filters and displays the skills to the user to choose,,Backlog
2026-10-06,sprint2,89,Adventurer-s-Forge/forge-admin,Issue,US-6 Task: The selected skills take into account any proficiencies or expertises that the character has,,Backlog
2026-10-06,sprint2,91,Adventurer-s-Forge/forge-admin,Issue,US-6: Automated tests pass,,Backlog
2026-10-06,sprint2,92,Adventurer-s-Forge/forge-admin,Issue,US-6: Code is integrated,,Backlog
2026-10-06,sprint2,93,Adventurer-s-Forge/forge-admin,Issue,US-16 Task: A failed sign-in displays “Invalid email or password”,,Backlog
2026-10-06,sprint2,94,Adventurer-s-Forge/forge-admin,Issue,US-16 Task: The user can recover without friction,,Backlog
2026-10-06,sprint2,95,Adventurer-s-Forge/forge-admin,Issue,US-16 Task: Automated tests pass,,Backlog
2026-10-06,sprint2,96,Adventurer-s-Forge/forge-admin,Issue,US-16 Task: Code is integrated,,Backlog
2026-10-06,sprint2,97,Adventurer-s-Forge/forge-admin,Issue,US-36 Task: The frontend allows the user to edit their character,,Backlog
2026-10-06,sprint2,98,Adventurer-s-Forge/forge-admin,Issue,US-36 Task: Any edits are saved to the character in the database,,Backlog
2026-10-06,sprint2,99,Adventurer-s-Forge/forge-admin,Issue,US-36 Task: Automated integration testing is conducted and passes successfully,,Backlog
2026-10-06,sprint2,100,Adventurer-s-Forge/forge-admin,Issue,US-36 Task: Code changes are documented in the tickets,,Backlog
2026-10-06,sprint2,101,Adventurer-s-Forge/forge-admin,Issue,US-1 Task: The frontend reaches out to the spells API only if the character’s class is a Spellcasting class,,Backlog
2026-10-06,sprint2,102,Adventurer-s-Forge/forge-admin,Issue,US-1 Task: Any spells selected are saved to the character in the database,,Backlog
2026-10-06,sprint2,105,Adventurer-s-Forge/forge-admin,Issue,Selected spells are saved in the database and associated with the correct character.,,In progress
2026-10-06,sprint2,106,Adventurer-s-Forge/forge-admin,Issue,US-19 Task: Redis database is reloaded from the data directory after restart,,Backlog
2026-10-06,sprint2,107,Adventurer-s-Forge/forge-admin,Issue,US-19 Task: Backend endpoints are developed to save and retrieve a whole character at once,,Backlog
2026-10-06,sprint2,108,Adventurer-s-Forge/forge-admin,Issue,US-19 Task: Automated tests pass,,Backlog
2026-10-06,sprint2,109,Adventurer-s-Forge/forge-admin,Issue,US-19 Task: Code is integrated,,Backlog
2026-10-06,sprint2,110,Adventurer-s-Forge/forge-admin,Issue,US-20 Task: Relevant equipment endpoints are created in user_character_data_routes.py,,Backlog
2026-10-06,sprint2,111,Adventurer-s-Forge/forge-admin,Issue,US-20 Task: Equipment endpoints allow updating previously selected equipment,,Backlog
2026-10-06,sprint2,112,Adventurer-s-Forge/forge-admin,Issue,US-20 Task: Unit and integration tests written and passed,,Backlog
2026-10-06,sprint2,113,Adventurer-s-Forge/forge-admin,Issue,US-20 Task: Code reviewed and merged,,Backlog
2026-10-07,sprint2,90,Adventurer-s-Forge/forge-admin,Issue,US-6 Task: Any skills selected are saved to the character in the database,,In progress
2026-10-07,sprint2,33,Adventurer-s-Forge/forge-admin,Issue,US-6: Select Skills,3,In progress
2026-10-07,sprint2,103,Adventurer-s-Forge/forge-admin,Issue,"US-1 Task: In the backend, the endpoint returns all the spells when prompted",,In progress
2026-10-07,sprint2,104,Adventurer-s-Forge/forge-admin,Issue,US-1 Task: Unit tests cover at least 70% of code coverage.,,In progress
2026-10-07,sprint2,23,Adventurer-s-Forge/forge-admin,Issue,US-1: Select Spells,3,In progress
2026-10-07,sprint1,66,Adventurer-s-Forge/forge-admin,Issue,US-34 Task: Documentation,,Done
2026-10-07,sprint1,68,Adventurer-s-Forge/forge-admin,Issue,US-35 Task: Unit and System Testing,,Done
2026-10-07,sprint1,70,Adventurer-s-Forge/forge-admin,Issue,US-35 Task: Integration,,Done
2026-10-07,sprint1,69,Adventurer-s-Forge/forge-admin,Issue,US-35 Task: Code Review,,Done
2026-10-07,sprint1,71,Adventurer-s-Forge/forge-admin,Issue,US-35 Task: Deployment,,Done
2026-10-07,sprint1,72,Adventurer-s-Forge/forge-admin,Issue,US-35 Task: Documentation,,Done
2026-10-07,sprint1,64,Adventurer-s-Forge/forge-admin,Issue,US-34 Task: Integration,,Done
2026-10-07,sprint1,67,Adventurer-s-Forge/forge-admin,Issue,US-35 Task: Implementation,,Done
2026-10-07,sprint1,65,Adventurer-s-Forge/forge-admin,Issue,US-34 Task: Deployment,,Done
2026-10-07,sprint1,48,Adventurer-s-Forge/forge-admin,Issue,US-18 Task: Load User into Character Editor with Blank Character Sheet,,In review
2026-10-07,sprint1,3,Adventurer-s-Forge/forge-admin,Issue,US-35: Allow selection of character’s class,3,Done
2026-10-07,sprint1,22,Adventurer-s-Forge/forge-admin,Issue,US-18: Character Creation,5,Done
2026-10-07,sprint1,47,Adventurer-s-Forge/forge-admin,Issue,US-18 Task: Deployment,,Ready
2026-10-07,sprint1,45,Adventurer-s-Forge/forge-admin,Issue,US-18 Task: Code Review,,Ready
2026-10-07,sprint1,44,Adventurer-s-Forge/forge-admin,Issue,US-18 Task: Unit and System Testing,,In progress
2026-10-07,sprint1,46,Adventurer-s-Forge/forge-admin,Issue,US-18 Task: Integration,,In progress
2026-10-07,sprint1,19,Adventurer-s-Forge/forge-admin,Issue,US-13: Account Registration,5,Done
2026-10-07,sprint1,7,Adventurer-s-Forge/forge-admin,Issue,US-22: Ingest Reference Content from External Source,5,Done
2026-10-07,sprint1,43,Adventurer-s-Forge/forge-admin,Issue,US-18 Task: Create New Character Object in Database and link to User's ID,,Done
2026-10-07,sprint1,79,Adventurer-s-Forge/forge-admin,Issue,US-13 Task: Create a New Account and Ensure that 1 Email Resolves to Exactly 1 Account,,Done
2026-10-07,sprint1,80,Adventurer-s-Forge/forge-admin,Issue,US-13 Task: Unit and System Testing,,Done
2026-10-07,sprint1,75,Adventurer-s-Forge/forge-admin,Issue,US-22 Task: Code Review,,Done
2026-10-07,sprint1,76,Adventurer-s-Forge/forge-admin,Issue,US-22 Task: Complete Test Suite & Green CI,,Done
2026-10-07,sprint1,2,Adventurer-s-Forge/forge-admin,Issue,US-34: Allow selection of character’s race,3,Done
2026-10-07,sprint1,81,Adventurer-s-Forge/forge-admin,Issue,US-13 Task: Code Review,,Done
2026-10-07,sprint1,77,Adventurer-s-Forge/forge-admin,Issue,US-22 Task: Deployment,,Done
2026-10-07,sprint1,82,Adventurer-s-Forge/forge-admin,Issue,US-13 Task: Integration,,Done
2026-10-07,sprint1,83,Adventurer-s-Forge/forge-admin,Issue,US-13 Task: Deployment,,Done
2026-10-07,sprint1,84,Adventurer-s-Forge/forge-admin,Issue,"US-13 Task: Ensure that Every Failure Path Returns a Specific, Actionable Message",,Done
2026-10-07,sprint1,20,Adventurer-s-Forge/forge-admin,Issue,US-15: Account Login,3,Done
2026-10-07,sprint1,49,Adventurer-s-Forge/forge-admin,Issue,US-15 Task: Ensure that all 3 Sign-In Methods Authenticate from a Clean Browser Session and Survives a Page Refresh,,Done
2026-10-07,sprint1,50,Adventurer-s-Forge/forge-admin,Issue,US-15 Task: Unit and System Testing,,Done
2026-10-07,sprint1,51,Adventurer-s-Forge/forge-admin,Issue,US-15 Task: Code Review,,Done
2026-10-07,sprint1,52,Adventurer-s-Forge/forge-admin,Issue,US-15 Task: Integration,,Done
2026-10-07,sprint1,53,Adventurer-s-Forge/forge-admin,Issue,US-15 Task: Deployment,,Done
2026-10-07,sprint1,60,Adventurer-s-Forge/forge-admin,Issue,US-15 Task: Ensure that Users with Lost Passwords can Regain Access Unaided,,Done
2026-10-07,sprint1,21,Adventurer-s-Forge/forge-admin,Issue,US-17: User Logout,2,Done
2026-10-07,sprint1,54,Adventurer-s-Forge/forge-admin,Issue,US-17 Task: End Session on Sign-out and Return User to the Login Screen,,Done
2026-10-07,sprint1,55,Adventurer-s-Forge/forge-admin,Issue,US-17 Task: Unit and System Testing,,Done
2026-10-07,sprint1,56,Adventurer-s-Forge/forge-admin,Issue,US-17 Task: Code Review,,Done
2026-10-07,sprint1,57,Adventurer-s-Forge/forge-admin,Issue,US-17 Task: Integration,,Done
2026-10-07,sprint1,58,Adventurer-s-Forge/forge-admin,Issue,US-17 Task: Deployment,,Done
2026-10-07,sprint1,59,Adventurer-s-Forge/forge-admin,Issue,US-17 Task: Report Failed Sign-outs to the User while Leaving the App Usable,,Done
2026-10-07,sprint1,1,Adventurer-s-Forge/forge-frontend,PullRequest,"Firebase auth: registration, login, and sign-out",,Done
2026-10-07,,38,Adventurer-s-Forge/forge-admin,Issue,US-2: Calculate Spell Modifiers,3,Backlog
2026-10-07,,37,Adventurer-s-Forge/forge-admin,Issue,US-3: Calculate Ability Modifiers,3,Backlog
2026-10-07,,35,Adventurer-s-Forge/forge-admin,Issue,US-4: Calculate Saving Throws and Proficiency Bonus,3,Backlog
2026-10-07,,34,Adventurer-s-Forge/forge-admin,Issue,US-5: Calculate Skill Modifiers,3,Backlog
2026-10-07,,32,Adventurer-s-Forge/forge-admin,Issue,US-7: Calculate Battle Abilities,3,Backlog
2026-10-07,,29,Adventurer-s-Forge/forge-admin,Issue,US-10: Calculate Health,2,Backlog
2026-10-07,,31,Adventurer-s-Forge/forge-admin,Issue,US-8: Calculate Attack Bonuses for Equipped Weapons,3,Backlog
2026-10-07,,28,Adventurer-s-Forge/forge-admin,Issue,US-11: Calculate New Hit Points Based on Entered Damage/Healing Points,1,Backlog
2026-10-07,,26,Adventurer-s-Forge/forge-admin,Issue,US-14: Registration Validation & Security Checks,2,Backlog
2026-10-07,sprint1,73,Adventurer-s-Forge/forge-admin,Issue,US-22 Task: Create Re-runnable Ingestion Script,,Done
2026-10-07,sprint2,25,Adventurer-s-Forge/forge-admin,Issue,US-16: Login Validation & Error Handling,2,Backlog
2026-10-07,,30,Adventurer-s-Forge/forge-admin,Issue,US-9: Automatically Populate Feats,5,Backlog
2026-10-07,,27,Adventurer-s-Forge/forge-admin,Issue,US-12: Display Descriptions of Character Attributes,2,Backlog
2026-10-07,sprint2,4,Adventurer-s-Forge/forge-admin,Issue,US-20: Allow selection of character’s equipment,3,Backlog
2026-10-07,sprint2,5,Adventurer-s-Forge/forge-admin,Issue,US-19: Character Saving & Persistence,5,Backlog
2026-10-07,,6,Adventurer-s-Forge/forge-admin,Issue,US-21: Allow Duplicating of the Character Sheet,2,Backlog
2026-10-07,,8,Adventurer-s-Forge/forge-admin,Issue,US-23: Display Content Attribution,3,Backlog
2026-10-07,,9,Adventurer-s-Forge/forge-admin,Issue,US-24: Search Reference Content,3,Backlog
2026-10-07,,10,Adventurer-s-Forge/forge-admin,Issue,US-25: Filter Search Result by Content Type,3,Backlog
2026-10-07,,11,Adventurer-s-Forge/forge-admin,Issue,US-26: Without Losing Character Progress,4,Backlog
2026-10-07,,12,Adventurer-s-Forge/forge-admin,Issue,US-27: Share a Character with Another Player,4,Backlog
2026-10-07,,13,Adventurer-s-Forge/forge-admin,Issue,US-28: View Characters Shared With Me,3,Backlog
2026-10-07,,14,Adventurer-s-Forge/forge-admin,Issue,US-29: Restrict Shared Characters to Read-Only,3,Backlog
2026-10-07,,15,Adventurer-s-Forge/forge-admin,Issue,US-30: Keep Characters Private by Default,2,Backlog
2026-10-07,,16,Adventurer-s-Forge/forge-admin,Issue,US-31: Revoke Character Sharing,3,Backlog
2026-10-07,,17,Adventurer-s-Forge/forge-admin,Issue,US-32: Export Character Sheet,2,Backlog
2026-10-07,,18,Adventurer-s-Forge/forge-admin,Issue,US-33: Produce Print-Ready Character Sheet Layout,5,Backlog
2026-10-07,sprint2,39,Adventurer-s-Forge/forge-admin,Issue,US-36: Allow Editing of the Character Sheet,2,Backlog
2026-10-07,sprint1,61,Adventurer-s-Forge/forge-admin,Issue,US-34 Task: Implementation,,Done
2026-10-07,sprint1,62,Adventurer-s-Forge/forge-admin,Issue,US-34 Task: Unit and System Testing,,Done
2026-10-07,sprint1,74,Adventurer-s-Forge/forge-admin,Issue,US-22 Task: Verify Data is Retrieved Exclusively from Redis at Runtime,,Done
2026-10-07,sprint1,78,Adventurer-s-Forge/forge-admin,Issue,US-22 Task: Documentation,,Done
2026-10-07,sprint1,63,Adventurer-s-Forge/forge-admin,Issue,US-34 Task: Code Review,,Done
2026-10-07,sprint1,27,Adventurer-s-Forge/forge-backend,PullRequest,Added CORS middleware with configurable allowed origins,,Done
2026-10-07,sprint1,2,Adventurer-s-Forge/forge-frontend,PullRequest,"App UI, character creation, and backend content integration",,Done
2026-10-07,,86,Adventurer-s-Forge/forge-admin,Issue,US-37: Select Background,3,Backlog
2026-10-07,,87,Adventurer-s-Forge/forge-admin,Issue,US-38: Delete a Character,2,Backlog
2026-10-07,sprint2,88,Adventurer-s-Forge/forge-admin,Issue,US-6 Task: The frontend filters and displays the skills to the user to choose,,Backlog
2026-10-07,sprint2,89,Adventurer-s-Forge/forge-admin,Issue,US-6 Task: The selected skills take into account any proficiencies or expertises that the character has,,Backlog
2026-10-07,sprint2,91,Adventurer-s-Forge/forge-admin,Issue,US-6: Automated tests pass,,Backlog
2026-10-07,sprint2,92,Adventurer-s-Forge/forge-admin,Issue,US-6: Code is integrated,,Backlog
2026-10-07,sprint2,93,Adventurer-s-Forge/forge-admin,Issue,US-16 Task: A failed sign-in displays “Invalid email or password”,,Backlog
2026-10-07,sprint2,94,Adventurer-s-Forge/forge-admin,Issue,US-16 Task: The user can recover without friction,,Backlog
2026-10-07,sprint2,95,Adventurer-s-Forge/forge-admin,Issue,US-16 Task: Automated tests pass,,Backlog
2026-10-07,sprint2,96,Adventurer-s-Forge/forge-admin,Issue,US-16 Task: Code is integrated,,Backlog
2026-10-07,sprint2,97,Adventurer-s-Forge/forge-admin,Issue,US-36 Task: The frontend allows the user to edit their character,,Backlog
2026-10-07,sprint2,98,Adventurer-s-Forge/forge-admin,Issue,US-36 Task: Any edits are saved to the character in the database,,Backlog
2026-10-07,sprint2,99,Adventurer-s-Forge/forge-admin,Issue,US-36 Task: Automated integration testing is conducted and passes successfully,,Backlog
2026-10-07,sprint2,100,Adventurer-s-Forge/forge-admin,Issue,US-36 Task: Code changes are documented in the tickets,,Backlog
2026-10-07,sprint2,101,Adventurer-s-Forge/forge-admin,Issue,US-1 Task: The frontend reaches out to the spells API only if the character’s class is a Spellcasting class,,Backlog
2026-10-07,sprint2,102,Adventurer-s-Forge/forge-admin,Issue,US-1 Task: Any spells selected are saved to the character in the database,,Backlog
2026-10-07,sprint2,105,Adventurer-s-Forge/forge-admin,Issue,Selected spells are saved in the database and associated with the correct character.,,In progress
2026-10-07,sprint2,106,Adventurer-s-Forge/forge-admin,Issue,US-19 Task: Redis database is reloaded from the data directory after restart,,Backlog
2026-10-07,sprint2,107,Adventurer-s-Forge/forge-admin,Issue,US-19 Task: Backend endpoints are developed to save and retrieve a whole character at once,,Backlog
2026-10-07,sprint2,108,Adventurer-s-Forge/forge-admin,Issue,US-19 Task: Automated tests pass,,Backlog
2026-10-07,sprint2,109,Adventurer-s-Forge/forge-admin,Issue,US-19 Task: Code is integrated,,Backlog
2026-10-07,sprint2,110,Adventurer-s-Forge/forge-admin,Issue,US-20 Task: Relevant equipment endpoints are created in user_character_data_routes.py,,Backlog
2026-10-07,sprint2,111,Adventurer-s-Forge/forge-admin,Issue,US-20 Task: Equipment endpoints allow updating previously selected equipment,,Backlog
2026-10-07,sprint2,112,Adventurer-s-Forge/forge-admin,Issue,US-20 Task: Unit and integration tests written and passed,,Backlog
2026-10-07,sprint2,113,Adventurer-s-Forge/forge-admin,Issue,US-20 Task: Code reviewed and merged,,Backlog
2026-10-08,sprint2,90,Adventurer-s-Forge/forge-admin,Issue,US-6 Task: Any skills selected are saved to the character in the database,,In progress
2026-10-08,sprint2,33,Adventurer-s-Forge/forge-admin,Issue,US-6: Select Skills,3,In progress
2026-10-08,sprint2,103,Adventurer-s-Forge/forge-admin,Issue,"US-1 Task: In the backend, the endpoint returns all the spells when prompted",,In progress
2026-10-08,sprint2,104,Adventurer-s-Forge/forge-admin,Issue,US-1 Task: Unit tests cover at least 70% of code coverage.,,In progress
2026-10-08,sprint2,23,Adventurer-s-Forge/forge-admin,Issue,US-1: Select Spells,3,In progress
2026-10-08,sprint1,66,Adventurer-s-Forge/forge-admin,Issue,US-34 Task: Documentation,,Done
2026-10-08,sprint1,68,Adventurer-s-Forge/forge-admin,Issue,US-35 Task: Unit and System Testing,,Done
2026-10-08,sprint1,70,Adventurer-s-Forge/forge-admin,Issue,US-35 Task: Integration,,Done
2026-10-08,sprint1,69,Adventurer-s-Forge/forge-admin,Issue,US-35 Task: Code Review,,Done
2026-10-08,sprint1,71,Adventurer-s-Forge/forge-admin,Issue,US-35 Task: Deployment,,Done
2026-10-08,sprint1,72,Adventurer-s-Forge/forge-admin,Issue,US-35 Task: Documentation,,Done
2026-10-08,sprint1,64,Adventurer-s-Forge/forge-admin,Issue,US-34 Task: Integration,,Done
2026-10-08,sprint1,67,Adventurer-s-Forge/forge-admin,Issue,US-35 Task: Implementation,,Done
2026-10-08,sprint1,65,Adventurer-s-Forge/forge-admin,Issue,US-34 Task: Deployment,,Done
2026-10-08,sprint1,48,Adventurer-s-Forge/forge-admin,Issue,US-18 Task: Load User into Character Editor with Blank Character Sheet,,In review
2026-10-08,sprint1,3,Adventurer-s-Forge/forge-admin,Issue,US-35: Allow selection of character’s class,3,Done
2026-10-08,sprint1,22,Adventurer-s-Forge/forge-admin,Issue,US-18: Character Creation,5,Done
2026-10-08,sprint1,47,Adventurer-s-Forge/forge-admin,Issue,US-18 Task: Deployment,,Ready
2026-10-08,sprint1,45,Adventurer-s-Forge/forge-admin,Issue,US-18 Task: Code Review,,Ready
2026-10-08,sprint1,44,Adventurer-s-Forge/forge-admin,Issue,US-18 Task: Unit and System Testing,,In progress
2026-10-08,sprint1,46,Adventurer-s-Forge/forge-admin,Issue,US-18 Task: Integration,,In progress
2026-10-08,sprint1,19,Adventurer-s-Forge/forge-admin,Issue,US-13: Account Registration,5,Done
2026-10-08,sprint1,7,Adventurer-s-Forge/forge-admin,Issue,US-22: Ingest Reference Content from External Source,5,Done
2026-10-08,sprint1,43,Adventurer-s-Forge/forge-admin,Issue,US-18 Task: Create New Character Object in Database and link to User's ID,,Done
2026-10-08,sprint1,79,Adventurer-s-Forge/forge-admin,Issue,US-13 Task: Create a New Account and Ensure that 1 Email Resolves to Exactly 1 Account,,Done
2026-10-08,sprint1,80,Adventurer-s-Forge/forge-admin,Issue,US-13 Task: Unit and System Testing,,Done
2026-10-08,sprint1,75,Adventurer-s-Forge/forge-admin,Issue,US-22 Task: Code Review,,Done
2026-10-08,sprint1,76,Adventurer-s-Forge/forge-admin,Issue,US-22 Task: Complete Test Suite & Green CI,,Done
2026-10-08,sprint1,2,Adventurer-s-Forge/forge-admin,Issue,US-34: Allow selection of character’s race,3,Done
2026-10-08,sprint1,81,Adventurer-s-Forge/forge-admin,Issue,US-13 Task: Code Review,,Done
2026-10-08,sprint1,77,Adventurer-s-Forge/forge-admin,Issue,US-22 Task: Deployment,,Done
2026-10-08,sprint1,82,Adventurer-s-Forge/forge-admin,Issue,US-13 Task: Integration,,Done
2026-10-08,sprint1,83,Adventurer-s-Forge/forge-admin,Issue,US-13 Task: Deployment,,Done
2026-10-08,sprint1,84,Adventurer-s-Forge/forge-admin,Issue,"US-13 Task: Ensure that Every Failure Path Returns a Specific, Actionable Message",,Done
2026-10-08,sprint1,20,Adventurer-s-Forge/forge-admin,Issue,US-15: Account Login,3,Done
2026-10-08,sprint1,49,Adventurer-s-Forge/forge-admin,Issue,US-15 Task: Ensure that all 3 Sign-In Methods Authenticate from a Clean Browser Session and Survives a Page Refresh,,Done
2026-10-08,sprint1,50,Adventurer-s-Forge/forge-admin,Issue,US-15 Task: Unit and System Testing,,Done
2026-10-08,sprint1,51,Adventurer-s-Forge/forge-admin,Issue,US-15 Task: Code Review,,Done
2026-10-08,sprint1,52,Adventurer-s-Forge/forge-admin,Issue,US-15 Task: Integration,,Done
2026-10-08,sprint1,53,Adventurer-s-Forge/forge-admin,Issue,US-15 Task: Deployment,,Done
2026-10-08,sprint1,60,Adventurer-s-Forge/forge-admin,Issue,US-15 Task: Ensure that Users with Lost Passwords can Regain Access Unaided,,Done
2026-10-08,sprint1,21,Adventurer-s-Forge/forge-admin,Issue,US-17: User Logout,2,Done
2026-10-08,sprint1,54,Adventurer-s-Forge/forge-admin,Issue,US-17 Task: End Session on Sign-out and Return User to the Login Screen,,Done
2026-10-08,sprint1,55,Adventurer-s-Forge/forge-admin,Issue,US-17 Task: Unit and System Testing,,Done
2026-10-08,sprint1,56,Adventurer-s-Forge/forge-admin,Issue,US-17 Task: Code Review,,Done
2026-10-08,sprint1,57,Adventurer-s-Forge/forge-admin,Issue,US-17 Task: Integration,,Done
2026-10-08,sprint1,58,Adventurer-s-Forge/forge-admin,Issue,US-17 Task: Deployment,,Done
2026-10-08,sprint1,59,Adventurer-s-Forge/forge-admin,Issue,US-17 Task: Report Failed Sign-outs to the User while Leaving the App Usable,,Done
2026-10-08,sprint1,1,Adventurer-s-Forge/forge-frontend,PullRequest,"Firebase auth: registration, login, and sign-out",,Done
2026-10-08,,38,Adventurer-s-Forge/forge-admin,Issue,US-2: Calculate Spell Modifiers,3,Backlog
2026-10-08,,37,Adventurer-s-Forge/forge-admin,Issue,US-3: Calculate Ability Modifiers,3,Backlog
2026-10-08,,35,Adventurer-s-Forge/forge-admin,Issue,US-4: Calculate Saving Throws and Proficiency Bonus,3,Backlog
2026-10-08,,34,Adventurer-s-Forge/forge-admin,Issue,US-5: Calculate Skill Modifiers,3,Backlog
2026-10-08,,32,Adventurer-s-Forge/forge-admin,Issue,US-7: Calculate Battle Abilities,3,Backlog
2026-10-08,,29,Adventurer-s-Forge/forge-admin,Issue,US-10: Calculate Health,2,Backlog
2026-10-08,,31,Adventurer-s-Forge/forge-admin,Issue,US-8: Calculate Attack Bonuses for Equipped Weapons,3,Backlog
2026-10-08,,28,Adventurer-s-Forge/forge-admin,Issue,US-11: Calculate New Hit Points Based on Entered Damage/Healing Points,1,Backlog
2026-10-08,,26,Adventurer-s-Forge/forge-admin,Issue,US-14: Registration Validation & Security Checks,2,Backlog
2026-10-08,sprint1,73,Adventurer-s-Forge/forge-admin,Issue,US-22 Task: Create Re-runnable Ingestion Script,,Done
2026-10-08,sprint2,25,Adventurer-s-Forge/forge-admin,Issue,US-16: Login Validation & Error Handling,2,Backlog
2026-10-08,,30,Adventurer-s-Forge/forge-admin,Issue,US-9: Automatically Populate Feats,5,Backlog
2026-10-08,,27,Adventurer-s-Forge/forge-admin,Issue,US-12: Display Descriptions of Character Attributes,2,Backlog
2026-10-08,sprint2,4,Adventurer-s-Forge/forge-admin,Issue,US-20: Allow selection of character’s equipment,3,Backlog
2026-10-08,sprint2,5,Adventurer-s-Forge/forge-admin,Issue,US-19: Character Saving & Persistence,5,Backlog
2026-10-08,,6,Adventurer-s-Forge/forge-admin,Issue,US-21: Allow Duplicating of the Character Sheet,2,Backlog
2026-10-08,,8,Adventurer-s-Forge/forge-admin,Issue,US-23: Display Content Attribution,3,Backlog
2026-10-08,,9,Adventurer-s-Forge/forge-admin,Issue,US-24: Search Reference Content,3,Backlog
2026-10-08,,10,Adventurer-s-Forge/forge-admin,Issue,US-25: Filter Search Result by Content Type,3,Backlog
2026-10-08,,11,Adventurer-s-Forge/forge-admin,Issue,US-26: Without Losing Character Progress,4,Backlog
2026-10-08,,12,Adventurer-s-Forge/forge-admin,Issue,US-27: Share a Character with Another Player,4,Backlog
2026-10-08,,13,Adventurer-s-Forge/forge-admin,Issue,US-28: View Characters Shared With Me,3,Backlog
2026-10-08,,14,Adventurer-s-Forge/forge-admin,Issue,US-29: Restrict Shared Characters to Read-Only,3,Backlog
2026-10-08,,15,Adventurer-s-Forge/forge-admin,Issue,US-30: Keep Characters Private by Default,2,Backlog
2026-10-08,,16,Adventurer-s-Forge/forge-admin,Issue,US-31: Revoke Character Sharing,3,Backlog
2026-10-08,,17,Adventurer-s-Forge/forge-admin,Issue,US-32: Export Character Sheet,2,Backlog
2026-10-08,,18,Adventurer-s-Forge/forge-admin,Issue,US-33: Produce Print-Ready Character Sheet Layout,5,Backlog
2026-10-08,sprint2,39,Adventurer-s-Forge/forge-admin,Issue,US-36: Allow Editing of the Character Sheet,2,Backlog
2026-10-08,sprint1,61,Adventurer-s-Forge/forge-admin,Issue,US-34 Task: Implementation,,Done
2026-10-08,sprint1,62,Adventurer-s-Forge/forge-admin,Issue,US-34 Task: Unit and System Testing,,Done
2026-10-08,sprint1,74,Adventurer-s-Forge/forge-admin,Issue,US-22 Task: Verify Data is Retrieved Exclusively from Redis at Runtime,,Done
2026-10-08,sprint1,78,Adventurer-s-Forge/forge-admin,Issue,US-22 Task: Documentation,,Done
2026-10-08,sprint1,63,Adventurer-s-Forge/forge-admin,Issue,US-34 Task: Code Review,,Done
2026-10-08,sprint1,27,Adventurer-s-Forge/forge-backend,PullRequest,Added CORS middleware with configurable allowed origins,,Done
2026-10-08,sprint1,2,Adventurer-s-Forge/forge-frontend,PullRequest,"App UI, character creation, and backend content integration",,Done
2026-10-08,,86,Adventurer-s-Forge/forge-admin,Issue,US-37: Select Background,3,Backlog
2026-10-08,,87,Adventurer-s-Forge/forge-admin,Issue,US-38: Delete a Character,2,Backlog
2026-10-08,sprint2,88,Adventurer-s-Forge/forge-admin,Issue,US-6 Task: The frontend filters and displays the skills to the user to choose,,Backlog
2026-10-08,sprint2,89,Adventurer-s-Forge/forge-admin,Issue,US-6 Task: The selected skills take into account any proficiencies or expertises that the character has,,Backlog
2026-10-08,sprint2,91,Adventurer-s-Forge/forge-admin,Issue,US-6: Automated tests pass,,Backlog
2026-10-08,sprint2,92,Adventurer-s-Forge/forge-admin,Issue,US-6: Code is integrated,,Backlog
2026-10-08,sprint2,93,Adventurer-s-Forge/forge-admin,Issue,US-16 Task: A failed sign-in displays “Invalid email or password”,,Backlog
2026-10-08,sprint2,94,Adventurer-s-Forge/forge-admin,Issue,US-16 Task: The user can recover without friction,,Backlog
2026-10-08,sprint2,95,Adventurer-s-Forge/forge-admin,Issue,US-16 Task: Automated tests pass,,Backlog
2026-10-08,sprint2,96,Adventurer-s-Forge/forge-admin,Issue,US-16 Task: Code is integrated,,Backlog
2026-10-08,sprint2,97,Adventurer-s-Forge/forge-admin,Issue,US-36 Task: The frontend allows the user to edit their character,,Backlog
2026-10-08,sprint2,98,Adventurer-s-Forge/forge-admin,Issue,US-36 Task: Any edits are saved to the character in the database,,Backlog
2026-10-08,sprint2,99,Adventurer-s-Forge/forge-admin,Issue,US-36 Task: Automated integration testing is conducted and passes successfully,,Backlog
2026-10-08,sprint2,100,Adventurer-s-Forge/forge-admin,Issue,US-36 Task: Code changes are documented in the tickets,,Backlog
2026-10-08,sprint2,101,Adventurer-s-Forge/forge-admin,Issue,US-1 Task: The frontend reaches out to the spells API only if the character’s class is a Spellcasting class,,Backlog
2026-10-08,sprint2,102,Adventurer-s-Forge/forge-admin,Issue,US-1 Task: Any spells selected are saved to the character in the database,,Backlog
2026-10-08,sprint2,105,Adventurer-s-Forge/forge-admin,Issue,Selected spells are saved in the database and associated with the correct character.,,In progress
2026-10-08,sprint2,106,Adventurer-s-Forge/forge-admin,Issue,US-19 Task: Redis database is reloaded from the data directory after restart,,Backlog
2026-10-08,sprint2,107,Adventurer-s-Forge/forge-admin,Issue,US-19 Task: Backend endpoints are developed to save and retrieve a whole character at once,,Backlog
2026-10-08,sprint2,108,Adventurer-s-Forge/forge-admin,Issue,US-19 Task: Automated tests pass,,Backlog
2026-10-08,sprint2,109,Adventurer-s-Forge/forge-admin,Issue,US-19 Task: Code is integrated,,Backlog
2026-10-08,sprint2,110,Adventurer-s-Forge/forge-admin,Issue,US-20 Task: Relevant equipment endpoints are created in user_character_data_routes.py,,Backlog
2026-10-08,sprint2,111,Adventurer-s-Forge/forge-admin,Issue,US-20 Task: Equipment endpoints allow updating previously selected equipment,,Backlog
2026-10-08,sprint2,112,Adventurer-s-Forge/forge-admin,Issue,US-20 Task: Unit and integration tests written and passed,,Backlog
2026-10-08,sprint2,113,Adventurer-s-Forge/forge-admin,Issue,US-20 Task: Code reviewed and merged,,Backlog
2026-10-09,sprint2,90,Adventurer-s-Forge/forge-admin,Issue,US-6 Task: Any skills selected are saved to the character in the database,,In progress
2026-10-09,sprint2,33,Adventurer-s-Forge/forge-admin,Issue,US-6: Select Skills,3,In progress
2026-10-09,sprint2,103,Adventurer-s-Forge/forge-admin,Issue,"US-1 Task: In the backend, the endpoint returns all the spells when prompted",,In progress
2026-10-09,sprint2,104,Adventurer-s-Forge/forge-admin,Issue,US-1 Task: Unit tests cover at least 70% of code coverage.,,In progress
2026-10-09,sprint2,23,Adventurer-s-Forge/forge-admin,Issue,US-1: Select Spells,3,In progress
2026-10-09,sprint1,66,Adventurer-s-Forge/forge-admin,Issue,US-34 Task: Documentation,,Done
2026-10-09,sprint1,68,Adventurer-s-Forge/forge-admin,Issue,US-35 Task: Unit and System Testing,,Done
2026-10-09,sprint1,70,Adventurer-s-Forge/forge-admin,Issue,US-35 Task: Integration,,Done
2026-10-09,sprint1,69,Adventurer-s-Forge/forge-admin,Issue,US-35 Task: Code Review,,Done
2026-10-09,sprint1,71,Adventurer-s-Forge/forge-admin,Issue,US-35 Task: Deployment,,Done
2026-10-09,sprint1,72,Adventurer-s-Forge/forge-admin,Issue,US-35 Task: Documentation,,Done
2026-10-09,sprint1,64,Adventurer-s-Forge/forge-admin,Issue,US-34 Task: Integration,,Done
2026-10-09,sprint1,67,Adventurer-s-Forge/forge-admin,Issue,US-35 Task: Implementation,,Done
2026-10-09,sprint1,65,Adventurer-s-Forge/forge-admin,Issue,US-34 Task: Deployment,,Done
2026-10-09,sprint1,48,Adventurer-s-Forge/forge-admin,Issue,US-18 Task: Load User into Character Editor with Blank Character Sheet,,In review
2026-10-09,sprint1,3,Adventurer-s-Forge/forge-admin,Issue,US-35: Allow selection of character’s class,3,Done
2026-10-09,sprint1,22,Adventurer-s-Forge/forge-admin,Issue,US-18: Character Creation,5,Done
2026-10-09,sprint1,47,Adventurer-s-Forge/forge-admin,Issue,US-18 Task: Deployment,,Ready
2026-10-09,sprint1,45,Adventurer-s-Forge/forge-admin,Issue,US-18 Task: Code Review,,Ready
2026-10-09,sprint1,44,Adventurer-s-Forge/forge-admin,Issue,US-18 Task: Unit and System Testing,,In progress
2026-10-09,sprint1,46,Adventurer-s-Forge/forge-admin,Issue,US-18 Task: Integration,,In progress
2026-10-09,sprint1,19,Adventurer-s-Forge/forge-admin,Issue,US-13: Account Registration,5,Done
2026-10-09,sprint1,7,Adventurer-s-Forge/forge-admin,Issue,US-22: Ingest Reference Content from External Source,5,Done
2026-10-09,sprint1,43,Adventurer-s-Forge/forge-admin,Issue,US-18 Task: Create New Character Object in Database and link to User's ID,,Done
2026-10-09,sprint1,79,Adventurer-s-Forge/forge-admin,Issue,US-13 Task: Create a New Account and Ensure that 1 Email Resolves to Exactly 1 Account,,Done
2026-10-09,sprint1,80,Adventurer-s-Forge/forge-admin,Issue,US-13 Task: Unit and System Testing,,Done
2026-10-09,sprint1,75,Adventurer-s-Forge/forge-admin,Issue,US-22 Task: Code Review,,Done
2026-10-09,sprint1,76,Adventurer-s-Forge/forge-admin,Issue,US-22 Task: Complete Test Suite & Green CI,,Done
2026-10-09,sprint1,2,Adventurer-s-Forge/forge-admin,Issue,US-34: Allow selection of character’s race,3,Done
2026-10-09,sprint1,81,Adventurer-s-Forge/forge-admin,Issue,US-13 Task: Code Review,,Done
2026-10-09,sprint1,77,Adventurer-s-Forge/forge-admin,Issue,US-22 Task: Deployment,,Done
2026-10-09,sprint1,82,Adventurer-s-Forge/forge-admin,Issue,US-13 Task: Integration,,Done
2026-10-09,sprint1,83,Adventurer-s-Forge/forge-admin,Issue,US-13 Task: Deployment,,Done
2026-10-09,sprint1,84,Adventurer-s-Forge/forge-admin,Issue,"US-13 Task: Ensure that Every Failure Path Returns a Specific, Actionable Message",,Done
2026-10-09,sprint1,20,Adventurer-s-Forge/forge-admin,Issue,US-15: Account Login,3,Done
2026-10-09,sprint1,49,Adventurer-s-Forge/forge-admin,Issue,US-15 Task: Ensure that all 3 Sign-In Methods Authenticate from a Clean Browser Session and Survives a Page Refresh,,Done
2026-10-09,sprint1,50,Adventurer-s-Forge/forge-admin,Issue,US-15 Task: Unit and System Testing,,Done
2026-10-09,sprint1,51,Adventurer-s-Forge/forge-admin,Issue,US-15 Task: Code Review,,Done
2026-10-09,sprint1,52,Adventurer-s-Forge/forge-admin,Issue,US-15 Task: Integration,,Done
2026-10-09,sprint1,53,Adventurer-s-Forge/forge-admin,Issue,US-15 Task: Deployment,,Done
2026-10-09,sprint1,60,Adventurer-s-Forge/forge-admin,Issue,US-15 Task: Ensure that Users with Lost Passwords can Regain Access Unaided,,Done
2026-10-09,sprint1,21,Adventurer-s-Forge/forge-admin,Issue,US-17: User Logout,2,Done
2026-10-09,sprint1,54,Adventurer-s-Forge/forge-admin,Issue,US-17 Task: End Session on Sign-out and Return User to the Login Screen,,Done
2026-10-09,sprint1,55,Adventurer-s-Forge/forge-admin,Issue,US-17 Task: Unit and System Testing,,Done
2026-10-09,sprint1,56,Adventurer-s-Forge/forge-admin,Issue,US-17 Task: Code Review,,Done
2026-10-09,sprint1,57,Adventurer-s-Forge/forge-admin,Issue,US-17 Task: Integration,,Done
2026-10-09,sprint1,58,Adventurer-s-Forge/forge-admin,Issue,US-17 Task: Deployment,,Done
2026-10-09,sprint1,59,Adventurer-s-Forge/forge-admin,Issue,US-17 Task: Report Failed Sign-outs to the User while Leaving the App Usable,,Done
2026-10-09,sprint1,1,Adventurer-s-Forge/forge-frontend,PullRequest,"Firebase auth: registration, login, and sign-out",,Done
2026-10-09,,38,Adventurer-s-Forge/forge-admin,Issue,US-2: Calculate Spell Modifiers,3,Backlog
2026-10-09,,37,Adventurer-s-Forge/forge-admin,Issue,US-3: Calculate Ability Modifiers,3,Backlog
2026-10-09,,35,Adventurer-s-Forge/forge-admin,Issue,US-4: Calculate Saving Throws and Proficiency Bonus,3,Backlog
2026-10-09,,34,Adventurer-s-Forge/forge-admin,Issue,US-5: Calculate Skill Modifiers,3,Backlog
2026-10-09,,32,Adventurer-s-Forge/forge-admin,Issue,US-7: Calculate Battle Abilities,3,Backlog
2026-10-09,,29,Adventurer-s-Forge/forge-admin,Issue,US-10: Calculate Health,2,Backlog
2026-10-09,,31,Adventurer-s-Forge/forge-admin,Issue,US-8: Calculate Attack Bonuses for Equipped Weapons,3,Backlog
2026-10-09,,28,Adventurer-s-Forge/forge-admin,Issue,US-11: Calculate New Hit Points Based on Entered Damage/Healing Points,1,Backlog
2026-10-09,,26,Adventurer-s-Forge/forge-admin,Issue,US-14: Registration Validation & Security Checks,2,Backlog
2026-10-09,sprint1,73,Adventurer-s-Forge/forge-admin,Issue,US-22 Task: Create Re-runnable Ingestion Script,,Done
2026-10-09,sprint2,25,Adventurer-s-Forge/forge-admin,Issue,US-16: Login Validation & Error Handling,2,Backlog
2026-10-09,,30,Adventurer-s-Forge/forge-admin,Issue,US-9: Automatically Populate Feats,5,Backlog
2026-10-09,,27,Adventurer-s-Forge/forge-admin,Issue,US-12: Display Descriptions of Character Attributes,2,Backlog
2026-10-09,sprint2,4,Adventurer-s-Forge/forge-admin,Issue,US-20: Allow selection of character’s equipment,3,Backlog
2026-10-09,sprint2,5,Adventurer-s-Forge/forge-admin,Issue,US-19: Character Saving & Persistence,5,Backlog
2026-10-09,,6,Adventurer-s-Forge/forge-admin,Issue,US-21: Allow Duplicating of the Character Sheet,2,Backlog
2026-10-09,,8,Adventurer-s-Forge/forge-admin,Issue,US-23: Display Content Attribution,3,Backlog
2026-10-09,,9,Adventurer-s-Forge/forge-admin,Issue,US-24: Search Reference Content,3,Backlog
2026-10-09,,10,Adventurer-s-Forge/forge-admin,Issue,US-25: Filter Search Result by Content Type,3,Backlog
2026-10-09,,11,Adventurer-s-Forge/forge-admin,Issue,US-26: Without Losing Character Progress,4,Backlog
2026-10-09,,12,Adventurer-s-Forge/forge-admin,Issue,US-27: Share a Character with Another Player,4,Backlog
2026-10-09,,13,Adventurer-s-Forge/forge-admin,Issue,US-28: View Characters Shared With Me,3,Backlog
2026-10-09,,14,Adventurer-s-Forge/forge-admin,Issue,US-29: Restrict Shared Characters to Read-Only,3,Backlog
2026-10-09,,15,Adventurer-s-Forge/forge-admin,Issue,US-30: Keep Characters Private by Default,2,Backlog
2026-10-09,,16,Adventurer-s-Forge/forge-admin,Issue,US-31: Revoke Character Sharing,3,Backlog
2026-10-09,,17,Adventurer-s-Forge/forge-admin,Issue,US-32: Export Character Sheet,2,Backlog
2026-10-09,,18,Adventurer-s-Forge/forge-admin,Issue,US-33: Produce Print-Ready Character Sheet Layout,5,Backlog
2026-10-09,sprint2,39,Adventurer-s-Forge/forge-admin,Issue,US-36: Allow Editing of the Character Sheet,2,Backlog
2026-10-09,sprint1,61,Adventurer-s-Forge/forge-admin,Issue,US-34 Task: Implementation,,Done
2026-10-09,sprint1,62,Adventurer-s-Forge/forge-admin,Issue,US-34 Task: Unit and System Testing,,Done
2026-10-09,sprint1,74,Adventurer-s-Forge/forge-admin,Issue,US-22 Task: Verify Data is Retrieved Exclusively from Redis at Runtime,,Done
2026-10-09,sprint1,78,Adventurer-s-Forge/forge-admin,Issue,US-22 Task: Documentation,,Done
2026-10-09,sprint1,63,Adventurer-s-Forge/forge-admin,Issue,US-34 Task: Code Review,,Done
2026-10-09,sprint1,27,Adventurer-s-Forge/forge-backend,PullRequest,Added CORS middleware with configurable allowed origins,,Done
2026-10-09,sprint1,2,Adventurer-s-Forge/forge-frontend,PullRequest,"App UI, character creation, and backend content integration",,Done
2026-10-09,,86,Adventurer-s-Forge/forge-admin,Issue,US-37: Select Background,3,Backlog
2026-10-09,,87,Adventurer-s-Forge/forge-admin,Issue,US-38: Delete a Character,2,Backlog
2026-10-09,sprint2,88,Adventurer-s-Forge/forge-admin,Issue,US-6 Task: The frontend filters and displays the skills to the user to choose,,Backlog
2026-10-09,sprint2,89,Adventurer-s-Forge/forge-admin,Issue,US-6 Task: The selected skills take into account any proficiencies or expertises that the character has,,Backlog
2026-10-09,sprint2,91,Adventurer-s-Forge/forge-admin,Issue,US-6: Automated tests pass,,Backlog
2026-10-09,sprint2,92,Adventurer-s-Forge/forge-admin,Issue,US-6: Code is integrated,,Backlog
2026-10-09,sprint2,93,Adventurer-s-Forge/forge-admin,Issue,US-16 Task: A failed sign-in displays “Invalid email or password”,,Backlog
2026-10-09,sprint2,94,Adventurer-s-Forge/forge-admin,Issue,US-16 Task: The user can recover without friction,,Backlog
2026-10-09,sprint2,95,Adventurer-s-Forge/forge-admin,Issue,US-16 Task: Automated tests pass,,Backlog
2026-10-09,sprint2,96,Adventurer-s-Forge/forge-admin,Issue,US-16 Task: Code is integrated,,Backlog
2026-10-09,sprint2,97,Adventurer-s-Forge/forge-admin,Issue,US-36 Task: The frontend allows the user to edit their character,,Backlog
2026-10-09,sprint2,98,Adventurer-s-Forge/forge-admin,Issue,US-36 Task: Any edits are saved to the character in the database,,Backlog
2026-10-09,sprint2,99,Adventurer-s-Forge/forge-admin,Issue,US-36 Task: Automated integration testing is conducted and passes successfully,,Backlog
2026-10-09,sprint2,100,Adventurer-s-Forge/forge-admin,Issue,US-36 Task: Code changes are documented in the tickets,,Backlog
2026-10-09,sprint2,101,Adventurer-s-Forge/forge-admin,Issue,US-1 Task: The frontend reaches out to the spells API only if the character’s class is a Spellcasting class,,Backlog
2026-10-09,sprint2,102,Adventurer-s-Forge/forge-admin,Issue,US-1 Task: Any spells selected are saved to the character in the database,,Backlog
2026-10-09,sprint2,105,Adventurer-s-Forge/forge-admin,Issue,Selected spells are saved in the database and associated with the correct character.,,In progress
2026-10-09,sprint2,106,Adventurer-s-Forge/forge-admin,Issue,US-19 Task: Redis database is reloaded from the data directory after restart,,Backlog
2026-10-09,sprint2,107,Adventurer-s-Forge/forge-admin,Issue,US-19 Task: Backend endpoints are developed to save and retrieve a whole character at once,,Backlog
2026-10-09,sprint2,108,Adventurer-s-Forge/forge-admin,Issue,US-19 Task: Automated tests pass,,Backlog
2026-10-09,sprint2,109,Adventurer-s-Forge/forge-admin,Issue,US-19 Task: Code is integrated,,Backlog
2026-10-09,sprint2,110,Adventurer-s-Forge/forge-admin,Issue,US-20 Task: Relevant equipment endpoints are created in user_character_data_routes.py,,Backlog
2026-10-09,sprint2,111,Adventurer-s-Forge/forge-admin,Issue,US-20 Task: Equipment endpoints allow updating previously selected equipment,,Backlog
2026-10-09,sprint2,112,Adventurer-s-Forge/forge-admin,Issue,US-20 Task: Unit and integration tests written and passed,,Backlog
2026-10-09,sprint2,113,Adventurer-s-Forge/forge-admin,Issue,US-20 Task: Code reviewed and merged,,Backlog
2026-10-10,sprint2,90,Adventurer-s-Forge/forge-admin,Issue,US-6 Task: Any skills selected are saved to the character in the database,,In progress
2026-10-10,sprint2,33,Adventurer-s-Forge/forge-admin,Issue,US-6: Select Skills,3,In progress
2026-10-10,sprint2,103,Adventurer-s-Forge/forge-admin,Issue,"US-1 Task: In the backend, the endpoint returns all the spells when prompted",,In progress
2026-10-10,sprint2,104,Adventurer-s-Forge/forge-admin,Issue,US-1 Task: Unit tests cover at least 70% of code coverage.,,In progress
2026-10-10,sprint2,23,Adventurer-s-Forge/forge-admin,Issue,US-1: Select Spells,3,In progress
2026-10-10,sprint1,66,Adventurer-s-Forge/forge-admin,Issue,US-34 Task: Documentation,,Done
2026-10-10,sprint1,68,Adventurer-s-Forge/forge-admin,Issue,US-35 Task: Unit and System Testing,,Done
2026-10-10,sprint1,70,Adventurer-s-Forge/forge-admin,Issue,US-35 Task: Integration,,Done
2026-10-10,sprint1,69,Adventurer-s-Forge/forge-admin,Issue,US-35 Task: Code Review,,Done
2026-10-10,sprint1,71,Adventurer-s-Forge/forge-admin,Issue,US-35 Task: Deployment,,Done
2026-10-10,sprint1,72,Adventurer-s-Forge/forge-admin,Issue,US-35 Task: Documentation,,Done
2026-10-10,sprint1,64,Adventurer-s-Forge/forge-admin,Issue,US-34 Task: Integration,,Done
2026-10-10,sprint1,67,Adventurer-s-Forge/forge-admin,Issue,US-35 Task: Implementation,,Done
2026-10-10,sprint1,65,Adventurer-s-Forge/forge-admin,Issue,US-34 Task: Deployment,,Done
2026-10-10,sprint1,48,Adventurer-s-Forge/forge-admin,Issue,US-18 Task: Load User into Character Editor with Blank Character Sheet,,In review
2026-10-10,sprint1,3,Adventurer-s-Forge/forge-admin,Issue,US-35: Allow selection of character’s class,3,Done
2026-10-10,sprint1,22,Adventurer-s-Forge/forge-admin,Issue,US-18: Character Creation,5,Done
2026-10-10,sprint1,47,Adventurer-s-Forge/forge-admin,Issue,US-18 Task: Deployment,,Ready
2026-10-10,sprint1,45,Adventurer-s-Forge/forge-admin,Issue,US-18 Task: Code Review,,Ready
2026-10-10,sprint1,44,Adventurer-s-Forge/forge-admin,Issue,US-18 Task: Unit and System Testing,,In progress
2026-10-10,sprint1,46,Adventurer-s-Forge/forge-admin,Issue,US-18 Task: Integration,,In progress
2026-10-10,sprint1,19,Adventurer-s-Forge/forge-admin,Issue,US-13: Account Registration,5,Done
2026-10-10,sprint1,7,Adventurer-s-Forge/forge-admin,Issue,US-22: Ingest Reference Content from External Source,5,Done
2026-10-10,sprint1,43,Adventurer-s-Forge/forge-admin,Issue,US-18 Task: Create New Character Object in Database and link to User's ID,,Done
2026-10-10,sprint1,79,Adventurer-s-Forge/forge-admin,Issue,US-13 Task: Create a New Account and Ensure that 1 Email Resolves to Exactly 1 Account,,Done
2026-10-10,sprint1,80,Adventurer-s-Forge/forge-admin,Issue,US-13 Task: Unit and System Testing,,Done
2026-10-10,sprint1,75,Adventurer-s-Forge/forge-admin,Issue,US-22 Task: Code Review,,Done
2026-10-10,sprint1,76,Adventurer-s-Forge/forge-admin,Issue,US-22 Task: Complete Test Suite & Green CI,,Done
2026-10-10,sprint1,2,Adventurer-s-Forge/forge-admin,Issue,US-34: Allow selection of character’s race,3,Done
2026-10-10,sprint1,81,Adventurer-s-Forge/forge-admin,Issue,US-13 Task: Code Review,,Done
2026-10-10,sprint1,77,Adventurer-s-Forge/forge-admin,Issue,US-22 Task: Deployment,,Done
2026-10-10,sprint1,82,Adventurer-s-Forge/forge-admin,Issue,US-13 Task: Integration,,Done
2026-10-10,sprint1,83,Adventurer-s-Forge/forge-admin,Issue,US-13 Task: Deployment,,Done
2026-10-10,sprint1,84,Adventurer-s-Forge/forge-admin,Issue,"US-13 Task: Ensure that Every Failure Path Returns a Specific, Actionable Message",,Done
2026-10-10,sprint1,20,Adventurer-s-Forge/forge-admin,Issue,US-15: Account Login,3,Done
2026-10-10,sprint1,49,Adventurer-s-Forge/forge-admin,Issue,US-15 Task: Ensure that all 3 Sign-In Methods Authenticate from a Clean Browser Session and Survives a Page Refresh,,Done
2026-10-10,sprint1,50,Adventurer-s-Forge/forge-admin,Issue,US-15 Task: Unit and System Testing,,Done
2026-10-10,sprint1,51,Adventurer-s-Forge/forge-admin,Issue,US-15 Task: Code Review,,Done
2026-10-10,sprint1,52,Adventurer-s-Forge/forge-admin,Issue,US-15 Task: Integration,,Done
2026-10-10,sprint1,53,Adventurer-s-Forge/forge-admin,Issue,US-15 Task: Deployment,,Done
2026-10-10,sprint1,60,Adventurer-s-Forge/forge-admin,Issue,US-15 Task: Ensure that Users with Lost Passwords can Regain Access Unaided,,Done
2026-10-10,sprint1,21,Adventurer-s-Forge/forge-admin,Issue,US-17: User Logout,2,Done
2026-10-10,sprint1,54,Adventurer-s-Forge/forge-admin,Issue,US-17 Task: End Session on Sign-out and Return User to the Login Screen,,Done
2026-10-10,sprint1,55,Adventurer-s-Forge/forge-admin,Issue,US-17 Task: Unit and System Testing,,Done
2026-10-10,sprint1,56,Adventurer-s-Forge/forge-admin,Issue,US-17 Task: Code Review,,Done
2026-10-10,sprint1,57,Adventurer-s-Forge/forge-admin,Issue,US-17 Task: Integration,,Done
2026-10-10,sprint1,58,Adventurer-s-Forge/forge-admin,Issue,US-17 Task: Deployment,,Done
2026-10-10,sprint1,59,Adventurer-s-Forge/forge-admin,Issue,US-17 Task: Report Failed Sign-outs to the User while Leaving the App Usable,,Done
2026-10-10,sprint1,1,Adventurer-s-Forge/forge-frontend,PullRequest,"Firebase auth: registration, login, and sign-out",,Done
2026-10-10,,38,Adventurer-s-Forge/forge-admin,Issue,US-2: Calculate Spell Modifiers,3,Backlog
2026-10-10,,37,Adventurer-s-Forge/forge-admin,Issue,US-3: Calculate Ability Modifiers,3,Backlog
2026-10-10,,35,Adventurer-s-Forge/forge-admin,Issue,US-4: Calculate Saving Throws and Proficiency Bonus,3,Backlog
2026-10-10,,34,Adventurer-s-Forge/forge-admin,Issue,US-5: Calculate Skill Modifiers,3,Backlog
2026-10-10,,32,Adventurer-s-Forge/forge-admin,Issue,US-7: Calculate Battle Abilities,3,Backlog
2026-10-10,,29,Adventurer-s-Forge/forge-admin,Issue,US-10: Calculate Health,2,Backlog
2026-10-10,,31,Adventurer-s-Forge/forge-admin,Issue,US-8: Calculate Attack Bonuses for Equipped Weapons,3,Backlog
2026-10-10,,28,Adventurer-s-Forge/forge-admin,Issue,US-11: Calculate New Hit Points Based on Entered Damage/Healing Points,1,Backlog
2026-10-10,,26,Adventurer-s-Forge/forge-admin,Issue,US-14: Registration Validation & Security Checks,2,Backlog
2026-10-10,sprint1,73,Adventurer-s-Forge/forge-admin,Issue,US-22 Task: Create Re-runnable Ingestion Script,,Done
2026-10-10,sprint2,25,Adventurer-s-Forge/forge-admin,Issue,US-16: Login Validation & Error Handling,2,Backlog
2026-10-10,,30,Adventurer-s-Forge/forge-admin,Issue,US-9: Automatically Populate Feats,5,Backlog
2026-10-10,,27,Adventurer-s-Forge/forge-admin,Issue,US-12: Display Descriptions of Character Attributes,2,Backlog
2026-10-10,sprint2,4,Adventurer-s-Forge/forge-admin,Issue,US-20: Allow selection of character’s equipment,3,Backlog
2026-10-10,sprint2,5,Adventurer-s-Forge/forge-admin,Issue,US-19: Character Saving & Persistence,5,Backlog
2026-10-10,,6,Adventurer-s-Forge/forge-admin,Issue,US-21: Allow Duplicating of the Character Sheet,2,Backlog
2026-10-10,,8,Adventurer-s-Forge/forge-admin,Issue,US-23: Display Content Attribution,3,Backlog
2026-10-10,,9,Adventurer-s-Forge/forge-admin,Issue,US-24: Search Reference Content,3,Backlog
2026-10-10,,10,Adventurer-s-Forge/forge-admin,Issue,US-25: Filter Search Result by Content Type,3,Backlog
2026-10-10,,11,Adventurer-s-Forge/forge-admin,Issue,US-26: Without Losing Character Progress,4,Backlog
2026-10-10,,12,Adventurer-s-Forge/forge-admin,Issue,US-27: Share a Character with Another Player,4,Backlog
2026-10-10,,13,Adventurer-s-Forge/forge-admin,Issue,US-28: View Characters Shared With Me,3,Backlog
2026-10-10,,14,Adventurer-s-Forge/forge-admin,Issue,US-29: Restrict Shared Characters to Read-Only,3,Backlog
2026-10-10,,15,Adventurer-s-Forge/forge-admin,Issue,US-30: Keep Characters Private by Default,2,Backlog
2026-10-10,,16,Adventurer-s-Forge/forge-admin,Issue,US-31: Revoke Character Sharing,3,Backlog
2026-10-10,,17,Adventurer-s-Forge/forge-admin,Issue,US-32: Export Character Sheet,2,Backlog
2026-10-10,,18,Adventurer-s-Forge/forge-admin,Issue,US-33: Produce Print-Ready Character Sheet Layout,5,Backlog
2026-10-10,sprint2,39,Adventurer-s-Forge/forge-admin,Issue,US-36: Allow Editing of the Character Sheet,2,Backlog
2026-10-10,sprint1,61,Adventurer-s-Forge/forge-admin,Issue,US-34 Task: Implementation,,Done
2026-10-10,sprint1,62,Adventurer-s-Forge/forge-admin,Issue,US-34 Task: Unit and System Testing,,Done
2026-10-10,sprint1,74,Adventurer-s-Forge/forge-admin,Issue,US-22 Task: Verify Data is Retrieved Exclusively from Redis at Runtime,,Done
2026-10-10,sprint1,78,Adventurer-s-Forge/forge-admin,Issue,US-22 Task: Documentation,,Done
2026-10-10,sprint1,63,Adventurer-s-Forge/forge-admin,Issue,US-34 Task: Code Review,,Done
2026-10-10,sprint1,27,Adventurer-s-Forge/forge-backend,PullRequest,Added CORS middleware with configurable allowed origins,,Done
2026-10-10,sprint1,2,Adventurer-s-Forge/forge-frontend,PullRequest,"App UI, character creation, and backend content integration",,Done
2026-10-10,,86,Adventurer-s-Forge/forge-admin,Issue,US-37: Select Background,3,Backlog
2026-10-10,,87,Adventurer-s-Forge/forge-admin,Issue,US-38: Delete a Character,2,Backlog
2026-10-10,sprint2,88,Adventurer-s-Forge/forge-admin,Issue,US-6 Task: The frontend filters and displays the skills to the user to choose,,Backlog
2026-10-10,sprint2,89,Adventurer-s-Forge/forge-admin,Issue,US-6 Task: The selected skills take into account any proficiencies or expertises that the character has,,Backlog
2026-10-10,sprint2,91,Adventurer-s-Forge/forge-admin,Issue,US-6: Automated tests pass,,Backlog
2026-10-10,sprint2,92,Adventurer-s-Forge/forge-admin,Issue,US-6: Code is integrated,,Backlog
2026-10-10,sprint2,93,Adventurer-s-Forge/forge-admin,Issue,US-16 Task: A failed sign-in displays “Invalid email or password”,,Backlog
2026-10-10,sprint2,94,Adventurer-s-Forge/forge-admin,Issue,US-16 Task: The user can recover without friction,,Backlog
2026-10-10,sprint2,95,Adventurer-s-Forge/forge-admin,Issue,US-16 Task: Automated tests pass,,Backlog
2026-10-10,sprint2,96,Adventurer-s-Forge/forge-admin,Issue,US-16 Task: Code is integrated,,Backlog
2026-10-10,sprint2,97,Adventurer-s-Forge/forge-admin,Issue,US-36 Task: The frontend allows the user to edit their character,,Backlog
2026-10-10,sprint2,98,Adventurer-s-Forge/forge-admin,Issue,US-36 Task: Any edits are saved to the character in the database,,Backlog
2026-10-10,sprint2,99,Adventurer-s-Forge/forge-admin,Issue,US-36 Task: Automated integration testing is conducted and passes successfully,,Backlog
2026-10-10,sprint2,100,Adventurer-s-Forge/forge-admin,Issue,US-36 Task: Code changes are documented in the tickets,,Backlog
2026-10-10,sprint2,101,Adventurer-s-Forge/forge-admin,Issue,US-1 Task: The frontend reaches out to the spells API only if the character’s class is a Spellcasting class,,Backlog
2026-10-10,sprint2,102,Adventurer-s-Forge/forge-admin,Issue,US-1 Task: Any spells selected are saved to the character in the database,,Backlog
2026-10-10,sprint2,105,Adventurer-s-Forge/forge-admin,Issue,Selected spells are saved in the database and associated with the correct character.,,In progress
2026-10-10,sprint2,106,Adventurer-s-Forge/forge-admin,Issue,US-19 Task: Redis database is reloaded from the data directory after restart,,Backlog
2026-10-10,sprint2,107,Adventurer-s-Forge/forge-admin,Issue,US-19 Task: Backend endpoints are developed to save and retrieve a whole character at once,,Backlog
2026-10-10,sprint2,108,Adventurer-s-Forge/forge-admin,Issue,US-19 Task: Automated tests pass,,Backlog
2026-10-10,sprint2,109,Adventurer-s-Forge/forge-admin,Issue,US-19 Task: Code is integrated,,Backlog
2026-10-10,sprint2,110,Adventurer-s-Forge/forge-admin,Issue,US-20 Task: Relevant equipment endpoints are created in user_character_data_routes.py,,Backlog
2026-10-10,sprint2,111,Adventurer-s-Forge/forge-admin,Issue,US-20 Task: Equipment endpoints allow updating previously selected equipment,,Backlog
2026-10-10,sprint2,112,Adventurer-s-Forge/forge-admin,Issue,US-20 Task: Unit and integration tests written and passed,,Backlog
2026-10-10,sprint2,113,Adventurer-s-Forge/forge-admin,Issue,US-20 Task: Code reviewed and merged,,Backlog
